year,country_iso3,tech,role,stage,exports,imports,balance,country_name
1995,BRA,Batteries,Raw Material,Upstream,3496551.9439999997,352936.52700000006,3143615.4169999994,Brazil
1995,BRA,Batteries,Processed Material,Midstream,215442.58200000005,445080.596,-229638.01399999997,Brazil
1995,BRA,Batteries,Product Component,Midstream,52058.64766666668,47309.46800000001,4749.1796666666705,Brazil
1995,BRA,Batteries,Process Equipment,Downstream,70126.0668333333,806798.9056666655,-736672.8388333322,Brazil
1995,BRA,Batteries,Process Equipment,Midstream,8734.60416666667,98619.03333333331,-89884.42916666664,Brazil
1995,BRA,Batteries,Product Component,Downstream,689.8743333333333,3006.129,-2316.2546666666667,Brazil
1995,BRA,Batteries,Final Product,Final Product,53.9955,4294.5725,-4240.577,Brazil
1995,BRA,Biofuel,Raw Material,Upstream,250209.34600000005,52577.2,197632.14600000007,Brazil
1995,BRA,Biofuel,Process Equipment,Downstream,423033.678,262020.32100000008,161013.35699999993,Brazil
1995,BRA,Biofuel,Processed Material,Midstream,114591.58600000004,493441.15300000005,-378849.56700000004,Brazil
1995,BRA,Biofuel,Process Equipment,Midstream,9583.721000000001,46545.049,-36961.327999999994,Brazil
1995,BRA,Biofuel,Final Product,Final Product,2002.7109999999998,463687.754,-461685.043,Brazil
1995,BRA,Electrolyzers,Processed Material,Midstream,38795.453,134848.04799999998,-96052.59499999997,Brazil
1995,BRA,Electrolyzers,Process Equipment,Downstream,24542.9185,512927.53750000003,-488384.61900000006,Brazil
1995,BRA,Electrolyzers,Product Component,Downstream,117365.66299999997,224434.92500000005,-107069.26200000008,Brazil
1995,BRA,Electrolyzers,Process Equipment,Midstream,833.7545,18270.4405,-17436.686,Brazil
1995,BRA,Electrolyzers,Final Product,Final Product,1234.71,2818.4565,-1583.7464999999997,Brazil
1995,BRA,Electrolyzers,Product Component,Midstream,3258.661,8147.393999999999,-4888.732999999999,Brazil
1995,BRA,Electrolyzers,Raw Material,Upstream,3811.5109999999995,33814.993,-30003.482000000004,Brazil
1995,BRA,Geothermal,Raw Material,Upstream,3451701.3730000006,414566.122,3037135.2510000006,Brazil
1995,BRA,Geothermal,Processed Material,Midstream,81347.31500000002,61502.8965,19844.418500000014,Brazil
1995,BRA,Geothermal,Product Component,Midstream,137607.951,364054.61783333326,-226446.66683333326,Brazil
1995,BRA,Geothermal,Product Component,Downstream,44552.058,115116.90300000002,-70564.84500000003,Brazil
1995,BRA,Geothermal,Process Equipment,Downstream,58123.591,196691.02833333326,-138567.43733333325,Brazil
1995,BRA,Geothermal,Process Equipment,Midstream,15146.193999999998,112448.43033333332,-97302.23633333332,Brazil
1995,BRA,Geothermal,Final Product,Final Product,4993.304000000001,53704.523,-48711.219,Brazil
1995,BRA,Heat Pumps,Product Component,Downstream,456107.6200000001,218181.70749999996,237925.91250000015,Brazil
1995,BRA,Heat Pumps,Raw Material,Upstream,142380.824,340342.039,-197961.215,Brazil
1995,BRA,Heat Pumps,Processed Material,Midstream,136510.96899999998,138254.718,-1743.7490000000107,Brazil
1995,BRA,Heat Pumps,Product Component,Midstream,15004.745,143540.49850000005,-128535.75350000005,Brazil
1995,BRA,Heat Pumps,Process Equipment,Midstream,2265.8190000000004,5317.782999999999,-3051.963999999999,Brazil
1995,BRA,Heat Pumps,Final Product,Final Product,9683.233999999999,14558.807,-4875.573000000002,Brazil
1995,BRA,Heat Pumps,Process Equipment,Downstream,1799.019,168403.30199999997,-166604.28299999997,Brazil
1995,BRA,Magnets,Raw Material,Upstream,181920.232,331957.892,-150037.66,Brazil
1995,BRA,Magnets,Process Equipment,Downstream,34276.086,373369.0669999999,-339092.9809999999,Brazil
1995,BRA,Magnets,Processed Material,Midstream,233373.685,15530.586,217843.099,Brazil
1995,BRA,Magnets,Final Product,Final Product,4714.1925,3083.4655,1630.7270000000003,Brazil
1995,BRA,Magnets,Product Component,Downstream,3669.6519999999996,1686.5135,1983.1384999999996,Brazil
1995,BRA,Nuclear,Raw Material,Upstream,3329000.6879999996,362759.3190000001,2966241.3689999995,Brazil
1995,BRA,Nuclear,Product Component,Downstream,8377.646,47381.10800000001,-39003.46200000001,Brazil
1995,BRA,Nuclear,Processed Material,Midstream,37219.27300000001,24349.946000000004,12869.327000000005,Brazil
1995,BRA,Nuclear,Process Equipment,Midstream,11539.824,71360.932,-59821.108,Brazil
1995,BRA,Nuclear,Final Product,Final Product,215.307,4105.389,-3890.0820000000003,Brazil
1995,BRA,Nuclear,Process Equipment,Downstream,1031.258,31945.934999999998,-30914.676999999996,Brazil
1995,BRA,Nuclear,Processed Material,Upstream,0,6420.487999999999,-6420.487999999999,Brazil
1995,BRA,Solar,Processed Material,Midstream,304642.5925000001,300385.42149999994,4257.171000000148,Brazil
1995,BRA,Solar,Raw Material,Upstream,143245.68499999997,332917.144,-189671.459,Brazil
1995,BRA,Solar,Product Component,Downstream,76917.5825,64895.929500000006,12021.652999999998,Brazil
1995,BRA,Solar,Process Equipment,Midstream,10027.193,55787.41600000001,-45760.22300000001,Brazil
1995,BRA,Solar,Process Equipment,Downstream,25661.95299999999,313270.5739999999,-287608.6209999999,Brazil
1995,BRA,Solar,Product Component,Midstream,375.19399999999996,3963.174,-3587.98,Brazil
1995,BRA,Transmission,Raw Material,Upstream,3367921.6579999994,330478.99700000003,3037442.6609999994,Brazil
1995,BRA,Transmission,Processed Material,Midstream,91898.44700000001,205032.07500000004,-113133.62800000003,Brazil
1995,BRA,Transmission,Process Equipment,Midstream,22086.731000000003,30450.135000000002,-8363.403999999999,Brazil
1995,BRA,Transmission,Process Equipment,Downstream,50185.211999999985,499971.064,-449785.852,Brazil
1995,BRA,Transmission,Final Product,Final Product,21832.825,102511.88199999994,-80679.05699999994,Brazil
1995,BRA,Transmission,Product Component,Downstream,15237.317,28643.354000000007,-13406.037000000008,Brazil
1995,BRA,Wind,Processed Material,Midstream,2073771.3185000003,767576.8084999999,1306194.5100000002,Brazil
1995,BRA,Wind,Product Component,Midstream,408253.81850000017,1001805.5965000002,-593551.778,Brazil
1995,BRA,Wind,Raw Material,Upstream,219057.75500000003,412156.05,-193098.29499999995,Brazil
1995,BRA,Wind,Product Component,Downstream,238915.67900000006,675549.269,-436633.5899999999,Brazil
1995,BRA,Wind,Process Equipment,Downstream,16476.3445,114503.29049999997,-98026.94599999997,Brazil
1995,BRA,Wind,Process Equipment,Midstream,3149.2485,302862.61950000003,-299713.37100000004,Brazil
1996,BRA,Batteries,Raw Material,Upstream,3534276.3189999987,74754.49600000001,3459521.822999999,Brazil
1996,BRA,Batteries,Processed Material,Midstream,186034.93899999993,214003.66699999996,-27968.728000000032,Brazil
1996,BRA,Batteries,Product Component,Midstream,50193.95733333335,141129.25033333336,-90935.293,Brazil
1996,BRA,Batteries,Process Equipment,Downstream,49784.841333333214,771101.7498333333,-721316.9085000001,Brazil
1996,BRA,Batteries,Process Equipment,Midstream,9153.473666666667,59150.536166666665,-49997.0625,Brazil
1996,BRA,Batteries,Product Component,Downstream,234.81966666666665,2237.0036666666665,-2002.1839999999997,Brazil
1996,BRA,Batteries,Final Product,Final Product,0,1880.4650000000001,-1880.4650000000001,Brazil
1996,BRA,Biofuel,Raw Material,Upstream,272502.607,5420.017,267082.59,Brazil
1996,BRA,Biofuel,Processed Material,Midstream,110579.94000000003,115346.99999999997,-4767.0599999999395,Brazil
1996,BRA,Biofuel,Process Equipment,Downstream,339701.58200000005,251879.42700000003,87822.15500000003,Brazil
1996,BRA,Biofuel,Process Equipment,Midstream,24230.133,26635.302999999996,-2405.1699999999946,Brazil
1996,BRA,Biofuel,Final Product,Final Product,5856.871999999999,68878.879,-63022.007,Brazil
1996,BRA,Electrolyzers,Processed Material,Midstream,27860.699,100714.22199999998,-72853.52299999999,Brazil
1996,BRA,Electrolyzers,Process Equipment,Downstream,6642.464500000001,311333.46100000007,-304690.99650000007,Brazil
1996,BRA,Electrolyzers,Product Component,Downstream,87870.51699999999,231109.26000000004,-143238.74300000005,Brazil
1996,BRA,Electrolyzers,Process Equipment,Midstream,242.1635,11823.868999999999,-11581.705499999998,Brazil
1996,BRA,Electrolyzers,Final Product,Final Product,155.8385,4410.2665,-4254.428,Brazil
1996,BRA,Electrolyzers,Product Component,Midstream,493.519,15321.163,-14827.644,Brazil
1996,BRA,Electrolyzers,Raw Material,Upstream,124.706,2557.998,-2433.292,Brazil
1996,BRA,Geothermal,Raw Material,Upstream,3497486.0849999995,109907.153,3387578.9319999996,Brazil
1996,BRA,Geothermal,Product Component,Midstream,117527.84083333332,245360.6188333333,-127832.77799999999,Brazil
1996,BRA,Geothermal,Product Component,Downstream,32510.135,255338.64999999997,-222828.51499999996,Brazil
1996,BRA,Geothermal,Processed Material,Midstream,115603.07149999999,28846.086499999998,86756.98499999999,Brazil
1996,BRA,Geothermal,Final Product,Final Product,17323.696000000004,58466.387,-41142.691,Brazil
1996,BRA,Geothermal,Process Equipment,Midstream,10760.372833333331,94823.77283333334,-84063.40000000001,Brazil
1996,BRA,Geothermal,Process Equipment,Downstream,60202.898833333325,169929.32683333338,-109726.42800000006,Brazil
1996,BRA,Heat Pumps,Product Component,Midstream,24782.371,90401.55549999999,-65619.18449999999,Brazil
1996,BRA,Heat Pumps,Raw Material,Upstream,153002.9,68229.486,84773.41399999999,Brazil
1996,BRA,Heat Pumps,Processed Material,Midstream,100591.95700000001,11900.181999999999,88691.77500000001,Brazil
1996,BRA,Heat Pumps,Process Equipment,Midstream,974.265,4807.019999999999,-3832.7549999999987,Brazil
1996,BRA,Heat Pumps,Product Component,Downstream,357419.078,261644.39450000002,95774.68349999996,Brazil
1996,BRA,Heat Pumps,Final Product,Final Product,8766.807999999999,10082.858,-1316.050000000001,Brazil
1996,BRA,Heat Pumps,Process Equipment,Downstream,624.394,80769.69499999999,-80145.30099999999,Brazil
1996,BRA,Magnets,Raw Material,Upstream,211702.144,66660.91900000001,145041.22499999998,Brazil
1996,BRA,Magnets,Process Equipment,Downstream,24841.971,344341.855,-319499.88399999996,Brazil
1996,BRA,Magnets,Processed Material,Midstream,177023.727,9187.72,167836.007,Brazil
1996,BRA,Magnets,Final Product,Final Product,2420.5429999999997,2724.9925,-304.44950000000017,Brazil
1996,BRA,Magnets,Product Component,Downstream,1721.3745000000001,1020.087,701.2875000000001,Brazil
1996,BRA,Nuclear,Raw Material,Upstream,3365816.1249999986,75957.19,3289858.9349999987,Brazil
1996,BRA,Nuclear,Product Component,Downstream,9404.185999999998,19876.792,-10472.606000000003,Brazil
1996,BRA,Nuclear,Processed Material,Midstream,54559.16900000001,6759.579,47799.59000000001,Brazil
1996,BRA,Nuclear,Process Equipment,Midstream,9249.053000000002,41784.693,-32535.64,Brazil
1996,BRA,Nuclear,Final Product,Final Product,671.618,0,671.618,Brazil
1996,BRA,Nuclear,Process Equipment,Downstream,3677.663,23170.945,-19493.282,Brazil
1996,BRA,Nuclear,Processed Material,Upstream,0,5548.25,-5548.25,Brazil
1996,BRA,Solar,Raw Material,Upstream,153958.467,69388.46100000001,84570.006,Brazil
1996,BRA,Solar,Processed Material,Midstream,313953.5035,123947.949,190005.5545,Brazil
1996,BRA,Solar,Product Component,Downstream,37547.0265,54425.183,-16878.156499999997,Brazil
1996,BRA,Solar,Process Equipment,Midstream,9239.831,30353.788,-21113.957000000002,Brazil
1996,BRA,Solar,Process Equipment,Downstream,19224.20799999999,298945.403,-279721.195,Brazil
1996,BRA,Solar,Product Component,Midstream,114.303,1617.409,-1503.1060000000002,Brazil
1996,BRA,Transmission,Raw Material,Upstream,3441082.107,66746.67500000002,3374335.432,Brazil
1996,BRA,Transmission,Processed Material,Midstream,93604.057,12830.055,80774.00200000001,Brazil
1996,BRA,Transmission,Process Equipment,Downstream,26929.409999999993,491006.1719999999,-464076.76199999993,Brazil
1996,BRA,Transmission,Process Equipment,Midstream,19547.089,21403.062,-1855.9730000000018,Brazil
1996,BRA,Transmission,Final Product,Final Product,9474.679,45431.484,-35956.80499999999,Brazil
1996,BRA,Transmission,Product Component,Downstream,6139.276000000001,30552.103,-24412.826999999997,Brazil
1996,BRA,Wind,Raw Material,Upstream,207265.07400000002,68983.26,138281.814,Brazil
1996,BRA,Wind,Processed Material,Midstream,1304703.7225000001,268732.56000000006,1035971.1625000001,Brazil
1996,BRA,Wind,Product Component,Midstream,318223.6695000001,788977.554,-470753.8844999999,Brazil
1996,BRA,Wind,Product Component,Downstream,164443.70700000002,556749.675,-392305.968,Brazil
1996,BRA,Wind,Process Equipment,Downstream,13916.051,111585.807,-97669.756,Brazil
1996,BRA,Wind,Process Equipment,Midstream,4592.622,170629.58499999996,-166036.96299999996,Brazil
1996,BRA,Wind,Final Product,Final Product,0,734.0625,-734.0625,Brazil
1997,BRA,Batteries,Process Equipment,Downstream,102941.37283333331,1494480.407000001,-1391539.0341666678,Brazil
1997,BRA,Batteries,Processed Material,Midstream,270258.338,369067.789,-98809.451,Brazil
1997,BRA,Batteries,Process Equipment,Midstream,26595.03316666666,146670.19800000003,-120075.16483333337,Brazil
1997,BRA,Batteries,Raw Material,Upstream,3627139.72,311034.54899999994,3316105.171,Brazil
1997,BRA,Batteries,Product Component,Midstream,105714.19899999996,203513.29700000002,-97799.09800000006,Brazil
1997,BRA,Batteries,Product Component,Downstream,658.7339999999999,4233.764,-3575.03,Brazil
1997,BRA,Batteries,Final Product,Final Product,86.624,8022.856000000001,-7936.232000000001,Brazil
1997,BRA,Biofuel,Raw Material,Upstream,331734.43000000005,50188.25500000001,281546.17500000005,Brazil
1997,BRA,Biofuel,Processed Material,Midstream,184177.26199999993,286281.5,-102104.23800000007,Brazil
1997,BRA,Biofuel,Process Equipment,Downstream,412985.58700000006,448808.2640000001,-35822.677000000025,Brazil
1997,BRA,Biofuel,Process Equipment,Midstream,12617.446999999998,51692.10699999999,-39074.65999999999,Brazil
1997,BRA,Biofuel,Final Product,Final Product,3161.8570000000004,140042.89899999998,-136881.042,Brazil
1997,BRA,Electrolyzers,Product Component,Downstream,111486.83200000002,382698.084,-271211.252,Brazil
1997,BRA,Electrolyzers,Processed Material,Midstream,36819.079,158977.06199999998,-122157.98299999998,Brazil
1997,BRA,Electrolyzers,Product Component,Midstream,3677.767,31458.371999999996,-27780.604999999996,Brazil
1997,BRA,Electrolyzers,Process Equipment,Downstream,49822.622999999985,378966.8844999999,-329144.26149999996,Brazil
1997,BRA,Electrolyzers,Process Equipment,Midstream,1748.1530000000002,25697.284499999998,-23949.131499999996,Brazil
1997,BRA,Electrolyzers,Raw Material,Upstream,116.587,23019.159999999996,-22902.572999999997,Brazil
1997,BRA,Electrolyzers,Final Product,Final Product,1126.1675,4603.801,-3477.6335000000004,Brazil
1997,BRA,Geothermal,Process Equipment,Midstream,29548.968333333338,202696.9921666666,-173148.02383333328,Brazil
1997,BRA,Geothermal,Process Equipment,Downstream,66767.40733333334,357846.28916666657,-291078.88183333323,Brazil
1997,BRA,Geothermal,Product Component,Midstream,156970.35683333344,513156.8516666666,-356186.4948333332,Brazil
1997,BRA,Geothermal,Processed Material,Midstream,111080.28050000002,70046.731,41033.54950000002,Brazil
1997,BRA,Geothermal,Raw Material,Upstream,3567211.2030000007,376721.9380000001,3190489.2650000006,Brazil
1997,BRA,Geothermal,Product Component,Downstream,42614.603,151204.30299999999,-108589.69999999998,Brazil
1997,BRA,Geothermal,Final Product,Final Product,32996.90899999999,159462.76799999998,-126465.859,Brazil
1997,BRA,Heat Pumps,Product Component,Downstream,418420.7620000001,283916.43700000003,134504.32500000007,Brazil
1997,BRA,Heat Pumps,Product Component,Midstream,28956.529,187610.03999999998,-158653.51099999997,Brazil
1997,BRA,Heat Pumps,Raw Material,Upstream,126110.38,286791.338,-160680.95799999998,Brazil
1997,BRA,Heat Pumps,Processed Material,Midstream,212029.20099999997,15715.496,196313.70499999996,Brazil
1997,BRA,Heat Pumps,Final Product,Final Product,6071.085,42870.140999999996,-36799.056,Brazil
1997,BRA,Heat Pumps,Process Equipment,Downstream,4197.824,122184.11,-117986.28600000001,Brazil
1997,BRA,Heat Pumps,Process Equipment,Midstream,104.034,9939.355999999998,-9835.321999999998,Brazil
1997,BRA,Magnets,Process Equipment,Downstream,47847.98200000001,853635.4270000003,-805787.4450000003,Brazil
1997,BRA,Magnets,Raw Material,Upstream,133406.22900000002,285205.748,-151799.519,Brazil
1997,BRA,Magnets,Processed Material,Midstream,301332.6170000001,12382.323,288950.2940000001,Brazil
1997,BRA,Magnets,Product Component,Downstream,2549.3575,4082.7055,-1533.348,Brazil
1997,BRA,Magnets,Final Product,Final Product,2608.385,9284.674500000001,-6676.289500000001,Brazil
1997,BRA,Nuclear,Process Equipment,Midstream,21439.255999999998,185944.97599999997,-164505.71999999997,Brazil
1997,BRA,Nuclear,Raw Material,Upstream,3466202.3690000004,333851.80499999993,3132350.5640000002,Brazil
1997,BRA,Nuclear,Product Component,Downstream,11102.415999999997,57517.22500000002,-46414.80900000002,Brazil
1997,BRA,Nuclear,Processed Material,Midstream,35109.17600000001,27060.238999999998,8048.937000000009,Brazil
1997,BRA,Nuclear,Process Equipment,Downstream,2614.511,73316.72699999998,-70702.21599999999,Brazil
1997,BRA,Nuclear,Processed Material,Upstream,0,8937.493,-8937.493,Brazil
1997,BRA,Nuclear,Final Product,Final Product,0,987.351,-987.351,Brazil
1997,BRA,Solar,Process Equipment,Midstream,16765.017,128996.80900000001,-112231.79200000002,Brazil
1997,BRA,Solar,Process Equipment,Downstream,38112.67599999999,773948.5009999997,-735835.8249999997,Brazil
1997,BRA,Solar,Processed Material,Midstream,427090.50150000013,217479.30849999996,209611.19300000017,Brazil
1997,BRA,Solar,Raw Material,Upstream,127223.71700000005,285972.949,-158749.23199999996,Brazil
1997,BRA,Solar,Product Component,Downstream,87986.33750000001,92445.7195,-4459.381999999998,Brazil
1997,BRA,Solar,Product Component,Midstream,0,1166.0949999999998,-1166.0949999999998,Brazil
1997,BRA,Transmission,Process Equipment,Downstream,64246.496,1005901.1489999995,-941654.6529999995,Brazil
1997,BRA,Transmission,Product Component,Downstream,11011.341,36447.042,-25435.701,Brazil
1997,BRA,Transmission,Raw Material,Upstream,3502981.517,305892.20900000003,3197089.308,Brazil
1997,BRA,Transmission,Processed Material,Midstream,181797.07,61544.83499999999,120252.23500000002,Brazil
1997,BRA,Transmission,Process Equipment,Midstream,22917.639999999996,102576.518,-79658.878,Brazil
1997,BRA,Transmission,Final Product,Final Product,14656.238000000001,149438.86599999995,-134782.62799999994,Brazil
1997,BRA,Wind,Processed Material,Midstream,1756607.6000000006,461071.7145000001,1295535.8855000003,Brazil
1997,BRA,Wind,Process Equipment,Downstream,20611.246,240987.5865,-220376.3405,Brazil
1997,BRA,Wind,Product Component,Midstream,455913.93600000016,1757415.6475,-1301501.7114999997,Brazil
1997,BRA,Wind,Raw Material,Upstream,185751.53500000006,403215.25899999996,-217463.7239999999,Brazil
1997,BRA,Wind,Product Component,Downstream,257559.57800000004,794530.237,-536970.659,Brazil
1997,BRA,Wind,Process Equipment,Midstream,5042.38,293438.4255,-288396.0455,Brazil
1997,BRA,Wind,Final Product,Final Product,0,60.5855,-60.5855,Brazil
1998,BRA,Batteries,Processed Material,Midstream,300263.07399999985,354624.597,-54361.52300000016,Brazil
1998,BRA,Batteries,Raw Material,Upstream,3870353.9369999985,179429.801,3690924.1359999985,Brazil
1998,BRA,Batteries,Product Component,Midstream,86754.71233333331,195770.1703333333,-109015.458,Brazil
1998,BRA,Batteries,Process Equipment,Downstream,77436.14716666663,1263447.9944999996,-1186011.847333333,Brazil
1998,BRA,Batteries,Process Equipment,Midstream,33001.00483333333,135257.6515,-102256.64666666667,Brazil
1998,BRA,Batteries,Product Component,Downstream,431.08166666666665,5586.916666666667,-5155.835,Brazil
1998,BRA,Batteries,Final Product,Final Product,0,19278.4675,-19278.4675,Brazil
1998,BRA,Biofuel,Raw Material,Upstream,383157.879,68922.98400000001,314234.895,Brazil
1998,BRA,Biofuel,Process Equipment,Downstream,452872.069,335333.23600000003,117538.83299999998,Brazil
1998,BRA,Biofuel,Processed Material,Midstream,213250.29800000004,212004.75100000002,1245.5470000000205,Brazil
1998,BRA,Biofuel,Process Equipment,Midstream,14608.224999999999,68026.398,-53418.173,Brazil
1998,BRA,Biofuel,Final Product,Final Product,2217.957,886.968,1330.989,Brazil
1998,BRA,Electrolyzers,Product Component,Downstream,98106.21499999998,357046.39900000003,-258940.18400000007,Brazil
1998,BRA,Electrolyzers,Processed Material,Midstream,56896.226,150893.84399999998,-93997.61799999999,Brazil
1998,BRA,Electrolyzers,Product Component,Midstream,3152.5989999999997,30102.295000000002,-26949.696000000004,Brazil
1998,BRA,Electrolyzers,Process Equipment,Downstream,27258.78000000001,328478.8954999998,-301220.1154999998,Brazil
1998,BRA,Electrolyzers,Process Equipment,Midstream,2303.2749999999996,23795.215500000002,-21491.940500000004,Brazil
1998,BRA,Electrolyzers,Final Product,Final Product,349.466,2780.3425,-2430.8765000000003,Brazil
1998,BRA,Electrolyzers,Raw Material,Upstream,127.455,20353.439000000006,-20225.984000000004,Brazil
1998,BRA,Geothermal,Product Component,Midstream,143157.34616666666,489595.31333333335,-346437.9671666667,Brazil
1998,BRA,Geothermal,Final Product,Final Product,43571.48799999998,368940.1829999999,-325368.69499999995,Brazil
1998,BRA,Geothermal,Product Component,Downstream,40264.56599999999,176474.475,-136209.909,Brazil
1998,BRA,Geothermal,Process Equipment,Downstream,52734.39266666666,272364.1363333332,-219629.74366666656,Brazil
1998,BRA,Geothermal,Raw Material,Upstream,3833643.8459999985,244961.355,3588682.4909999985,Brazil
1998,BRA,Geothermal,Processed Material,Midstream,93785.5515,52393.545,41392.0065,Brazil
1998,BRA,Geothermal,Process Equipment,Midstream,28706.829666666657,158562.0523333334,-129855.22266666676,Brazil
1998,BRA,Heat Pumps,Product Component,Downstream,473682.28650000005,301855.07199999987,171827.21450000018,Brazil
1998,BRA,Heat Pumps,Product Component,Midstream,19450.314499999997,204736.90600000005,-185286.59150000004,Brazil
1998,BRA,Heat Pumps,Raw Material,Upstream,119267.72399999999,175110.815,-55843.091000000015,Brazil
1998,BRA,Heat Pumps,Processed Material,Midstream,285647.709,14631.679,271016.02999999997,Brazil
1998,BRA,Heat Pumps,Process Equipment,Midstream,315.86,7178.865999999999,-6863.005999999999,Brazil
1998,BRA,Heat Pumps,Final Product,Final Product,6817.233000000002,51332.918999999994,-44515.685999999994,Brazil
1998,BRA,Heat Pumps,Process Equipment,Downstream,1553.638,65351.60400000003,-63797.96600000003,Brazil
1998,BRA,Magnets,Raw Material,Upstream,119719.07199999997,174244.60899999997,-54525.537,Brazil
1998,BRA,Magnets,Process Equipment,Downstream,32893.875,664576.5250000001,-631682.6500000001,Brazil
1998,BRA,Magnets,Processed Material,Midstream,402028.5429999998,9330.989000000001,392697.55399999977,Brazil
1998,BRA,Magnets,Product Component,Downstream,1395.486,3847.0149999999994,-2451.5289999999995,Brazil
1998,BRA,Magnets,Final Product,Final Product,1782.0565000000001,7038.414500000001,-5256.358,Brazil
1998,BRA,Nuclear,Processed Material,Midstream,20462.064000000002,19420.62,1041.4440000000031,Brazil
1998,BRA,Nuclear,Raw Material,Upstream,3735834.1609999985,197952.66799999998,3537881.4929999984,Brazil
1998,BRA,Nuclear,Product Component,Downstream,7884.731000000001,111402.56800000001,-103517.83700000001,Brazil
1998,BRA,Nuclear,Process Equipment,Midstream,13614.565,110736.66799999999,-97122.10299999999,Brazil
1998,BRA,Nuclear,Process Equipment,Downstream,3727.322,20829.694,-17102.372,Brazil
1998,BRA,Nuclear,Processed Material,Upstream,0,8960.761999999999,-8960.761999999999,Brazil
1998,BRA,Nuclear,Final Product,Final Product,0,1388.865,-1388.865,Brazil
1998,BRA,Solar,Processed Material,Midstream,393041.7044999998,195846.34900000002,197195.3554999998,Brazil
1998,BRA,Solar,Raw Material,Upstream,119375.33899999998,175295.401,-55920.062000000034,Brazil
1998,BRA,Solar,Product Component,Downstream,142029.2475,83064.78899999999,58964.45850000001,Brazil
1998,BRA,Solar,Process Equipment,Midstream,13011.985,86367.392,-73355.407,Brazil
1998,BRA,Solar,Process Equipment,Downstream,22743.01300000001,591403.067,-568660.054,Brazil
1998,BRA,Solar,Product Component,Midstream,106.91,1323.9850000000001,-1217.075,Brazil
1998,BRA,Transmission,Raw Material,Upstream,3762960.2449999987,174379.29299999998,3588580.9519999987,Brazil
1998,BRA,Transmission,Processed Material,Midstream,204769.60499999998,49317.63099999999,155451.974,Brazil
1998,BRA,Transmission,Process Equipment,Downstream,42598.97999999999,801047.403,-758448.4230000001,Brazil
1998,BRA,Transmission,Process Equipment,Midstream,27380.633999999995,110842.929,-83462.29500000001,Brazil
1998,BRA,Transmission,Final Product,Final Product,6612.3759999999975,100008.34200000002,-93395.96600000001,Brazil
1998,BRA,Transmission,Product Component,Downstream,9909.436,43583.581999999995,-33674.14599999999,Brazil
1998,BRA,Wind,Product Component,Midstream,453587.7105000001,1429836.4725000001,-976248.7620000001,Brazil
1998,BRA,Wind,Processed Material,Midstream,1540861.3315,406925.62750000006,1133935.704,Brazil
1998,BRA,Wind,Raw Material,Upstream,188628.52899999995,253289.51,-64660.98100000006,Brazil
1998,BRA,Wind,Product Component,Downstream,275076.306,608978.725,-333902.419,Brazil
1998,BRA,Wind,Process Equipment,Downstream,17660.442000000003,202276.71300000002,-184616.271,Brazil
1998,BRA,Wind,Process Equipment,Midstream,5227.42,153019.99200000003,-147792.57200000001,Brazil
1998,BRA,Wind,Final Product,Final Product,1059.1205,4335.243,-3276.1225000000004,Brazil
1999,BRA,Batteries,Process Equipment,Downstream,67254.3226666668,1024332.2685000002,-957077.9458333334,Brazil
1999,BRA,Batteries,Raw Material,Upstream,3356035.231000001,235755.039,3120280.192000001,Brazil
1999,BRA,Batteries,Processed Material,Midstream,345925.0530000001,356333.996,-10408.942999999912,Brazil
1999,BRA,Batteries,Product Component,Midstream,70823.70633333332,180026.69866666663,-109202.99233333331,Brazil
1999,BRA,Batteries,Process Equipment,Midstream,15998.628333333334,88051.2745,-72052.64616666667,Brazil
1999,BRA,Batteries,Product Component,Downstream,449.0926666666666,6472.4563333333335,-6023.363666666667,Brazil
1999,BRA,Batteries,Final Product,Final Product,91.211,27397.052999999996,-27305.841999999997,Brazil
1999,BRA,Biofuel,Raw Material,Upstream,309821.171,50261.109,259560.06199999998,Brazil
1999,BRA,Biofuel,Process Equipment,Downstream,447885.5730000001,286640.443,161245.13000000006,Brazil
1999,BRA,Biofuel,Processed Material,Midstream,255524.54099999997,217792.626,37731.91499999998,Brazil
1999,BRA,Biofuel,Process Equipment,Midstream,10126.379,41005.271,-30878.892,Brazil
1999,BRA,Biofuel,Final Product,Final Product,3983.0609999999997,350.876,3632.1849999999995,Brazil
1999,BRA,Electrolyzers,Product Component,Downstream,96838.14699999998,320693.515,-223855.36800000002,Brazil
1999,BRA,Electrolyzers,Processed Material,Midstream,42693.22999999999,181286.53300000002,-138593.30300000004,Brazil
1999,BRA,Electrolyzers,Product Component,Midstream,3803.0219999999995,29666.350000000006,-25863.328000000005,Brazil
1999,BRA,Electrolyzers,Process Equipment,Downstream,14973.744499999999,320152.28799999994,-305178.54349999997,Brazil
1999,BRA,Electrolyzers,Process Equipment,Midstream,1043.2075000000002,19608.852,-18565.6445,Brazil
1999,BRA,Electrolyzers,Raw Material,Upstream,171.74,15576.439,-15404.699,Brazil
1999,BRA,Electrolyzers,Final Product,Final Product,277.4795,924.1244999999999,-646.645,Brazil
1999,BRA,Geothermal,Processed Material,Midstream,133508.29500000004,49446.212,84062.08300000004,Brazil
1999,BRA,Geothermal,Raw Material,Upstream,3334444.700000001,299836.708,3034607.992000001,Brazil
1999,BRA,Geothermal,Product Component,Midstream,117752.74699999997,404217.2926666667,-286464.5456666667,Brazil
1999,BRA,Geothermal,Product Component,Downstream,32347.235999999994,143047.73700000002,-110700.50100000003,Brazil
1999,BRA,Geothermal,Final Product,Final Product,41679.352,385912.40800000005,-344233.05600000004,Brazil
1999,BRA,Geothermal,Process Equipment,Midstream,25118.232999999997,122095.04766666665,-96976.81466666666,Brazil
1999,BRA,Geothermal,Process Equipment,Downstream,56578.082,235110.98566666665,-178532.90366666665,Brazil
1999,BRA,Heat Pumps,Product Component,Downstream,444411.5795000001,231555.0679999999,212856.5115000002,Brazil
1999,BRA,Heat Pumps,Raw Material,Upstream,116403.964,232834.19400000002,-116430.23000000001,Brazil
1999,BRA,Heat Pumps,Processed Material,Midstream,406116.80400000006,15812.189,390304.61500000005,Brazil
1999,BRA,Heat Pumps,Product Component,Midstream,17279.799499999997,208584.26999999996,-191304.47049999997,Brazil
1999,BRA,Heat Pumps,Process Equipment,Midstream,353.024,5574.538,-5221.513999999999,Brazil
1999,BRA,Heat Pumps,Final Product,Final Product,6871.726000000001,39714.22699999999,-32842.50099999999,Brazil
1999,BRA,Heat Pumps,Process Equipment,Downstream,4921.049,45338.41500000003,-40417.36600000003,Brazil
1999,BRA,Magnets,Process Equipment,Downstream,27194.934000000005,575123.9029999999,-547928.9689999999,Brazil
1999,BRA,Magnets,Raw Material,Upstream,117262.68400000001,231866.00700000004,-114603.32300000003,Brazil
1999,BRA,Magnets,Processed Material,Midstream,488327.57500000007,5111.8139999999985,483215.76100000006,Brazil
1999,BRA,Magnets,Product Component,Downstream,1248.915,3144.6825,-1895.7675,Brazil
1999,BRA,Magnets,Final Product,Final Product,1507.157,6239.604,-4732.447,Brazil
1999,BRA,Nuclear,Raw Material,Upstream,3240295.1990000005,255064.833,2985230.3660000004,Brazil
1999,BRA,Nuclear,Product Component,Downstream,5869.572999999999,90927.01450000003,-85057.44150000003,Brazil
1999,BRA,Nuclear,Processed Material,Midstream,8393.752,11561.78,-3168.0280000000002,Brazil
1999,BRA,Nuclear,Process Equipment,Midstream,25658.079999999998,78250.17899999999,-52592.09899999999,Brazil
1999,BRA,Nuclear,Process Equipment,Downstream,1347.515,34494.618,-33147.103,Brazil
1999,BRA,Nuclear,Processed Material,Upstream,0,8673.527,-8673.527,Brazil
1999,BRA,Nuclear,Final Product,Final Product,0,218.1805,-218.1805,Brazil
1999,BRA,Solar,Process Equipment,Downstream,20026.355999999992,513899.8230000002,-493873.46700000024,Brazil
1999,BRA,Solar,Processed Material,Midstream,403316.3690000001,173587.79750000002,229728.5715000001,Brazil
1999,BRA,Solar,Raw Material,Upstream,119134.63100000002,233203.33299999996,-114068.70199999993,Brazil
1999,BRA,Solar,Product Component,Downstream,232294.39299999995,70752.6245,161541.76849999995,Brazil
1999,BRA,Solar,Process Equipment,Midstream,18937.211,58645.48599999999,-39708.274999999994,Brazil
1999,BRA,Solar,Product Component,Midstream,114.268,1446.011,-1331.743,Brazil
1999,BRA,Transmission,Process Equipment,Downstream,39726.942,679747.7439999996,-640020.8019999996,Brazil
1999,BRA,Transmission,Raw Material,Upstream,3287767.1710000006,232048.77100000004,3055718.4000000004,Brazil
1999,BRA,Transmission,Processed Material,Midstream,253327.43699999998,37692.143,215635.294,Brazil
1999,BRA,Transmission,Process Equipment,Midstream,19701.707,58842.981999999996,-39141.274999999994,Brazil
1999,BRA,Transmission,Final Product,Final Product,11827.678,107977.3,-96149.622,Brazil
1999,BRA,Transmission,Product Component,Downstream,9365.559,39516.193,-30150.634,Brazil
1999,BRA,Wind,Processed Material,Midstream,1486985.4145,385061.90449999995,1101923.51,Brazil
1999,BRA,Wind,Product Component,Midstream,414683.0345,1157870.7465,-743187.7119999998,Brazil
1999,BRA,Wind,Raw Material,Upstream,161459.49300000002,314664.345,-153204.85199999996,Brazil
1999,BRA,Wind,Product Component,Downstream,244031.26900000006,460787.371,-216756.10199999993,Brazil
1999,BRA,Wind,Process Equipment,Downstream,22421.699999999997,135734.41949999996,-113312.71949999996,Brazil
1999,BRA,Wind,Process Equipment,Midstream,3544.2439999999997,124598.0715,-121053.8275,Brazil
1999,BRA,Wind,Final Product,Final Product,774.587,126.356,648.231,Brazil
2000,BRA,Batteries,Process Equipment,Downstream,66440.5258333334,931241.5528333334,-864801.027,Brazil
2000,BRA,Batteries,Raw Material,Upstream,3924106.6209999984,280587.503,3643519.1179999984,Brazil
2000,BRA,Batteries,Processed Material,Midstream,468188.852,389713.97899999993,78474.87300000008,Brazil
2000,BRA,Batteries,Product Component,Midstream,99577.70966666663,196801.46333333338,-97223.75366666674,Brazil
2000,BRA,Batteries,Process Equipment,Midstream,8815.235166666665,78370.26816666666,-69555.033,Brazil
2000,BRA,Batteries,Product Component,Downstream,1069.1663333333333,6792.558666666666,-5723.392333333332,Brazil
2000,BRA,Batteries,Final Product,Final Product,1708.5255,42086.490999999995,-40377.96549999999,Brazil
2000,BRA,Biofuel,Raw Material,Upstream,279275.731,53763.01400000002,225512.717,Brazil
2000,BRA,Biofuel,Process Equipment,Downstream,479318.943,281678.279,197640.66400000005,Brazil
2000,BRA,Biofuel,Processed Material,Midstream,324731.3879999999,285560.9610000002,39170.426999999734,Brazil
2000,BRA,Biofuel,Process Equipment,Midstream,8016.4569999999985,40320.19700000001,-32303.74000000001,Brazil
2000,BRA,Biofuel,Final Product,Final Product,9030.502,1475.234,7555.268,Brazil
2000,BRA,Electrolyzers,Product Component,Downstream,104842.37099999993,330637.21699999995,-225794.84600000002,Brazil
2000,BRA,Electrolyzers,Processed Material,Midstream,63452.03999999998,240126.52099999995,-176674.48099999997,Brazil
2000,BRA,Electrolyzers,Product Component,Midstream,17258.624,33332.531,-16073.907000000003,Brazil
2000,BRA,Electrolyzers,Process Equipment,Downstream,14629.9965,336163.48949999997,-321533.49299999996,Brazil
2000,BRA,Electrolyzers,Process Equipment,Midstream,508.58149999999995,14924.5175,-14415.936,Brazil
2000,BRA,Electrolyzers,Final Product,Final Product,176.705,1835.0614999999998,-1658.3564999999999,Brazil
2000,BRA,Electrolyzers,Raw Material,Upstream,126,18322.29,-18196.29,Brazil
2000,BRA,Geothermal,Product Component,Midstream,135970.82599999997,450012.15150000004,-314041.32550000004,Brazil
2000,BRA,Geothermal,Raw Material,Upstream,3892052.468999999,347786.821,3544265.647999999,Brazil
2000,BRA,Geothermal,Processed Material,Midstream,340512.37499999994,70196.92349999999,270315.45149999997,Brazil
2000,BRA,Geothermal,Product Component,Downstream,41275.924999999974,173377.91900000005,-132101.99400000006,Brazil
2000,BRA,Geothermal,Final Product,Final Product,34568.558000000005,128459.334,-93890.776,Brazil
2000,BRA,Geothermal,Process Equipment,Midstream,17042.52,93052.2915,-76009.7715,Brazil
2000,BRA,Geothermal,Process Equipment,Downstream,68318.47400000002,157996.79050000003,-89678.31650000002,Brazil
2000,BRA,Heat Pumps,Product Component,Downstream,492031.828,234813.66700000002,257218.16099999996,Brazil
2000,BRA,Heat Pumps,Raw Material,Upstream,129939.849,269092.79099999997,-139152.94199999998,Brazil
2000,BRA,Heat Pumps,Processed Material,Midstream,532099.985,10749.139,521350.84599999996,Brazil
2000,BRA,Heat Pumps,Product Component,Midstream,31194.555,303452.48299999995,-272257.92799999996,Brazil
2000,BRA,Heat Pumps,Process Equipment,Midstream,399.80100000000004,5129.276,-4729.4749999999995,Brazil
2000,BRA,Heat Pumps,Final Product,Final Product,11742.312999999996,36757.064999999995,-25014.752,Brazil
2000,BRA,Heat Pumps,Process Equipment,Downstream,2385.952,42107.154,-39721.202000000005,Brazil
2000,BRA,Magnets,Process Equipment,Downstream,34685.59399999998,528075.7279999999,-493390.1339999999,Brazil
2000,BRA,Magnets,Raw Material,Upstream,132495.199,269407.69700000004,-136912.49800000005,Brazil
2000,BRA,Magnets,Processed Material,Midstream,579919.3800000001,8485.617,571433.7630000002,Brazil
2000,BRA,Magnets,Product Component,Downstream,1823.833,3116.897,-1293.0639999999999,Brazil
2000,BRA,Magnets,Final Product,Final Product,1823.833,5850.375999999999,-4026.542999999999,Brazil
2000,BRA,Nuclear,Raw Material,Upstream,3785953.7179999994,297536.26700000005,3488417.4509999994,Brazil
2000,BRA,Nuclear,Product Component,Downstream,8960.121,27504.698,-18544.577,Brazil
2000,BRA,Nuclear,Processed Material,Midstream,40049.471999999994,20188.105000000003,19861.36699999999,Brazil
2000,BRA,Nuclear,Process Equipment,Midstream,12910.605,56234.078,-43323.473,Brazil
2000,BRA,Nuclear,Process Equipment,Downstream,609.382,10208.033,-9598.651,Brazil
2000,BRA,Nuclear,Processed Material,Upstream,0,9575.48,-9575.48,Brazil
2000,BRA,Nuclear,Final Product,Final Product,0,139.822,-139.822,Brazil
2000,BRA,Solar,Process Equipment,Downstream,29432.864,476487.31300000026,-447054.44900000026,Brazil
2000,BRA,Solar,Processed Material,Midstream,493370.10049999977,229039.29900000006,264330.8014999997,Brazil
2000,BRA,Solar,Raw Material,Upstream,131182.08299999996,268944.36199999996,-137762.279,Brazil
2000,BRA,Solar,Product Component,Downstream,312243.0905,89278.49299999999,222964.5975,Brazil
2000,BRA,Solar,Process Equipment,Midstream,9836.822,43423.28999999999,-33586.46799999999,Brazil
2000,BRA,Solar,Product Component,Midstream,136.061,1349.682,-1213.621,Brazil
2000,BRA,Transmission,Process Equipment,Downstream,41083.007000000005,600025.025,-558942.018,Brazil
2000,BRA,Transmission,Raw Material,Upstream,3829429.7899999986,268775.97900000005,3560653.810999999,Brazil
2000,BRA,Transmission,Processed Material,Midstream,314669.2490000001,29783.818999999996,284885.4300000001,Brazil
2000,BRA,Transmission,Process Equipment,Midstream,27091.016,40717.70199999999,-13626.68599999999,Brazil
2000,BRA,Transmission,Final Product,Final Product,15907.324000000002,106860.21800000007,-90952.89400000006,Brazil
2000,BRA,Transmission,Product Component,Downstream,11133.834,39165.765,-28031.930999999997,Brazil
2000,BRA,Wind,Processed Material,Midstream,1723000.4424999994,515797.35600000015,1207203.0864999993,Brazil
2000,BRA,Wind,Product Component,Midstream,486844.6495,1266363.2299999995,-779518.5804999995,Brazil
2000,BRA,Wind,Product Component,Downstream,233001.15599999993,536953.969,-303952.8130000001,Brazil
2000,BRA,Wind,Raw Material,Upstream,191605.52800000002,354048.80100000004,-162443.27300000002,Brazil
2000,BRA,Wind,Process Equipment,Downstream,15196.377499999999,126813.73449999999,-111617.35699999999,Brazil
2000,BRA,Wind,Process Equipment,Midstream,3115.9085,108273.8595,-105157.951,Brazil
2000,BRA,Wind,Final Product,Final Product,175.2585,91.6725,83.586,Brazil
2001,BRA,Batteries,Product Component,Midstream,104719.08833333333,203861.16199999995,-99142.07366666662,Brazil
2001,BRA,Batteries,Process Equipment,Downstream,85057.70499999986,984480.5333333323,-899422.8283333324,Brazil
2001,BRA,Batteries,Raw Material,Upstream,3824803.4550000005,248626.64400000003,3576176.8110000007,Brazil
2001,BRA,Batteries,Processed Material,Midstream,401976.5930000001,428059.30500000005,-26082.71199999994,Brazil
2001,BRA,Batteries,Process Equipment,Midstream,10686.390000000003,90463.89366666667,-79777.50366666667,Brazil
2001,BRA,Batteries,Final Product,Final Product,3539.3625,28280.255,-24740.8925,Brazil
2001,BRA,Batteries,Product Component,Downstream,659.6136666666666,7129.749,-6470.135333333334,Brazil
2001,BRA,Biofuel,Raw Material,Upstream,264582.196,43087.595,221494.601,Brazil
2001,BRA,Biofuel,Process Equipment,Downstream,454138.2479999999,283931.4299999999,170206.81800000003,Brazil
2001,BRA,Biofuel,Processed Material,Midstream,313307.255,292705.085,20602.169999999984,Brazil
2001,BRA,Biofuel,Process Equipment,Midstream,11761.175000000001,48973.69,-37212.515,Brazil
2001,BRA,Biofuel,Final Product,Final Product,5948.322999999999,2616.3500000000004,3331.972999999999,Brazil
2001,BRA,Electrolyzers,Product Component,Downstream,131262.26599999997,354907.45900000003,-223645.19300000006,Brazil
2001,BRA,Electrolyzers,Processed Material,Midstream,61474.52400000002,286169.578,-224695.05399999995,Brazil
2001,BRA,Electrolyzers,Product Component,Midstream,30693.914,24061.713999999996,6632.200000000004,Brazil
2001,BRA,Electrolyzers,Process Equipment,Downstream,25810.2045,386613.85049999994,-360803.64599999995,Brazil
2001,BRA,Electrolyzers,Process Equipment,Midstream,1754.5035,19552.569499999998,-17798.066,Brazil
2001,BRA,Electrolyzers,Final Product,Final Product,738.8425,1336.2185,-597.376,Brazil
2001,BRA,Electrolyzers,Raw Material,Upstream,0,19330.046,-19330.046,Brazil
2001,BRA,Geothermal,Product Component,Midstream,150532.70633333334,437463.35883333336,-286930.6525,Brazil
2001,BRA,Geothermal,Product Component,Downstream,45287.32900000001,201896.276,-156608.947,Brazil
2001,BRA,Geothermal,Raw Material,Upstream,3788254.0910000005,302793.82,3485460.2710000006,Brazil
2001,BRA,Geothermal,Processed Material,Midstream,285240.5869999999,66804.1925,218436.39449999988,Brazil
2001,BRA,Geothermal,Final Product,Final Product,67608.46799999998,750853.948,-683245.48,Brazil
2001,BRA,Geothermal,Process Equipment,Downstream,75666.76283333334,212897.62933333337,-137230.86650000003,Brazil
2001,BRA,Geothermal,Process Equipment,Midstream,14357.829833333331,98189.67533333335,-83831.84550000001,Brazil
2001,BRA,Heat Pumps,Product Component,Downstream,469928.76499999984,247647.556,222281.20899999983,Brazil
2001,BRA,Heat Pumps,Process Equipment,Downstream,5027.098,57831.666999999994,-52804.568999999996,Brazil
2001,BRA,Heat Pumps,Raw Material,Upstream,111238.09,220939.937,-109701.84700000001,Brazil
2001,BRA,Heat Pumps,Processed Material,Midstream,480751.002,12534.696,468216.306,Brazil
2001,BRA,Heat Pumps,Product Component,Midstream,38452.013999999996,280982.2729999999,-242530.25899999993,Brazil
2001,BRA,Heat Pumps,Process Equipment,Midstream,1841.7720000000002,5693.636999999999,-3851.864999999999,Brazil
2001,BRA,Heat Pumps,Final Product,Final Product,19583.348000000005,36031.575000000004,-16448.227,Brazil
2001,BRA,Magnets,Process Equipment,Downstream,52991.85600000001,494923.7130000001,-441931.8570000001,Brazil
2001,BRA,Magnets,Raw Material,Upstream,125444.044,222376.748,-96932.704,Brazil
2001,BRA,Magnets,Processed Material,Midstream,552919.7309999998,12190.543,540729.1879999998,Brazil
2001,BRA,Magnets,Product Component,Downstream,1333.4425,2452.2715000000003,-1118.8290000000002,Brazil
2001,BRA,Magnets,Final Product,Final Product,1703.1415000000002,5228.133499999999,-3524.991999999999,Brazil
2001,BRA,Nuclear,Raw Material,Upstream,3693382.9420000003,243799.376,3449583.566,Brazil
2001,BRA,Nuclear,Product Component,Downstream,13085.045,52538.52550000001,-39453.48050000001,Brazil
2001,BRA,Nuclear,Processed Material,Midstream,16643.694,18488.083,-1844.3889999999992,Brazil
2001,BRA,Nuclear,Process Equipment,Midstream,9427.971,54938.191000000006,-45510.22000000001,Brazil
2001,BRA,Nuclear,Final Product,Final Product,4705,248.7295,4456.2705,Brazil
2001,BRA,Nuclear,Process Equipment,Downstream,1798.874,14636.980999999998,-12838.106999999998,Brazil
2001,BRA,Nuclear,Processed Material,Upstream,0,8598.152,-8598.152,Brazil
2001,BRA,Solar,Process Equipment,Downstream,42066.342000000026,433601.2359999999,-391534.8939999999,Brazil
2001,BRA,Solar,Processed Material,Midstream,453413.7155000001,223944.925,229468.79050000012,Brazil
2001,BRA,Solar,Raw Material,Upstream,113148.17400000003,221731.223,-108583.04899999997,Brazil
2001,BRA,Solar,Product Component,Downstream,265716.3505,88871.802,176844.5485,Brazil
2001,BRA,Solar,Process Equipment,Midstream,7570.246,37022.724,-29452.478000000003,Brazil
2001,BRA,Solar,Product Component,Midstream,0,547.017,-547.017,Brazil
2001,BRA,Transmission,Process Equipment,Downstream,63657.513,590097.689,-526440.176,Brazil
2001,BRA,Transmission,Raw Material,Upstream,3709044.47,220739.018,3488305.452,Brazil
2001,BRA,Transmission,Processed Material,Midstream,289516.5249999999,37903.501000000004,251613.02399999992,Brazil
2001,BRA,Transmission,Process Equipment,Midstream,24291.804,19995.565000000002,4296.238999999998,Brazil
2001,BRA,Transmission,Final Product,Final Product,19234.505,120426.34699999998,-101191.84199999998,Brazil
2001,BRA,Transmission,Product Component,Downstream,11846.418,61903.47200000001,-50057.05400000001,Brazil
2001,BRA,Wind,Processed Material,Midstream,1375969.9459999998,482726.772,893243.1739999998,Brazil
2001,BRA,Wind,Product Component,Midstream,459572.11599999963,1258955.4930000002,-799383.3770000006,Brazil
2001,BRA,Wind,Product Component,Downstream,297028.08299999987,551353.928,-254325.8450000001,Brazil
2001,BRA,Wind,Raw Material,Upstream,189666.149,293053.024,-103386.87499999997,Brazil
2001,BRA,Wind,Process Equipment,Downstream,13995.944499999996,126241.29900000001,-112245.35450000002,Brazil
2001,BRA,Wind,Process Equipment,Midstream,4550.3355,109399.80999999998,-104849.47449999998,Brazil
2001,BRA,Wind,Final Product,Final Product,3272.5064999999995,0,3272.5064999999995,Brazil
2002,BRA,Batteries,Product Component,Midstream,84972.69866666666,202554.54800000004,-117581.84933333338,Brazil
2002,BRA,Batteries,Process Equipment,Downstream,77150.78433333342,781719.3363333328,-704568.5519999994,Brazil
2002,BRA,Batteries,Raw Material,Upstream,3793653.6470000017,216010.81199999998,3577642.835000002,Brazil
2002,BRA,Batteries,Processed Material,Midstream,360467.44800000015,345701.628,14765.820000000123,Brazil
2002,BRA,Batteries,Process Equipment,Midstream,9136.942666666668,72444.33966666667,-63307.397,Brazil
2002,BRA,Batteries,Final Product,Final Product,882.426,25920.548499999997,-25038.122499999998,Brazil
2002,BRA,Batteries,Product Component,Downstream,685.9203333333334,4003.991,-3318.0706666666665,Brazil
2002,BRA,Biofuel,Raw Material,Upstream,319977.162,46322.77,273654.392,Brazil
2002,BRA,Biofuel,Processed Material,Midstream,255894.42526923082,233008.7286153846,22885.696653846215,Brazil
2002,BRA,Biofuel,Final Product,Final Product,6067.129631868134,107.32617216117207,5959.803459706962,Brazil
2002,BRA,Biofuel,Process Equipment,Downstream,513501.77900000004,307537.9970000001,205963.78199999995,Brazil
2002,BRA,Biofuel,Process Equipment,Midstream,11343.848,45135.44899999999,-33791.600999999995,Brazil
2002,BRA,Electrolyzers,Product Component,Downstream,122823.80999999998,360810.037,-237986.227,Brazil
2002,BRA,Electrolyzers,Product Component,Midstream,22947.759000000002,19368.844,3578.915000000001,Brazil
2002,BRA,Electrolyzers,Processed Material,Midstream,71115.24799999999,276264.18299999996,-205148.93499999997,Brazil
2002,BRA,Electrolyzers,Process Equipment,Downstream,23939.529499999993,433100.377,-409160.8475,Brazil
2002,BRA,Electrolyzers,Process Equipment,Midstream,1575.2105000000001,15434.063,-13858.8525,Brazil
2002,BRA,Electrolyzers,Raw Material,Upstream,522.803,24344.083,-23821.28,Brazil
2002,BRA,Electrolyzers,Final Product,Final Product,307.3025,2179.88,-1872.5775,Brazil
2002,BRA,Geothermal,Product Component,Midstream,155551.16766666665,417311.00416666677,-261759.83650000012,Brazil
2002,BRA,Geothermal,Process Equipment,Midstream,29168.489666666672,105881.98466666666,-76713.49499999998,Brazil
2002,BRA,Geothermal,Raw Material,Upstream,3759570.5420000013,275763.49399999995,3483807.0480000013,Brazil
2002,BRA,Geothermal,Final Product,Final Product,50534.79400000001,847585.284,-797050.49,Brazil
2002,BRA,Geothermal,Processed Material,Midstream,292223.714,58412.735499999995,233810.97849999997,Brazil
2002,BRA,Geothermal,Product Component,Downstream,37188.05099999999,213325.43200000003,-176137.38100000005,Brazil
2002,BRA,Geothermal,Process Equipment,Downstream,55381.70766666664,175283.83766666666,-119902.13000000002,Brazil
2002,BRA,Heat Pumps,Product Component,Downstream,526285.404,219425.2965,306860.1075,Brazil
2002,BRA,Heat Pumps,Raw Material,Upstream,111869.857,194515.19,-82645.333,Brazil
2002,BRA,Heat Pumps,Processed Material,Midstream,403508.25600000017,10458.952000000001,393049.3040000002,Brazil
2002,BRA,Heat Pumps,Product Component,Midstream,36085.867000000006,204097.05849999998,-168011.1915,Brazil
2002,BRA,Heat Pumps,Process Equipment,Midstream,1247.8239999999998,3813.375,-2565.5510000000004,Brazil
2002,BRA,Heat Pumps,Final Product,Final Product,5954.861,17093.095,-11138.234,Brazil
2002,BRA,Heat Pumps,Process Equipment,Downstream,954.326,26651.394,-25697.068,Brazil
2002,BRA,Magnets,Process Equipment,Downstream,46094.998999999996,319809.528,-273714.529,Brazil
2002,BRA,Magnets,Raw Material,Upstream,115722.974,194703.22100000002,-78980.24700000002,Brazil
2002,BRA,Magnets,Processed Material,Midstream,529952.9820000001,8360.705,521592.27700000006,Brazil
2002,BRA,Magnets,Product Component,Downstream,696.6565,1841.5625,-1144.906,Brazil
2002,BRA,Magnets,Final Product,Final Product,819.406,4257.758,-3438.352,Brazil
2002,BRA,Nuclear,Process Equipment,Midstream,8284.713,91639.634,-83354.921,Brazil
2002,BRA,Nuclear,Raw Material,Upstream,3662716.1180000007,217513.62500000006,3445202.4930000007,Brazil
2002,BRA,Nuclear,Product Component,Downstream,10924.008000000002,79197.86450000003,-68273.85650000002,Brazil
2002,BRA,Nuclear,Processed Material,Midstream,19667.634000000002,19169.410999999996,498.2230000000054,Brazil
2002,BRA,Nuclear,Process Equipment,Downstream,285.599,17478.748,-17193.149,Brazil
2002,BRA,Nuclear,Processed Material,Upstream,0,10697.077000000001,-10697.077000000001,Brazil
2002,BRA,Nuclear,Final Product,Final Product,0,707.0625,-707.0625,Brazil
2002,BRA,Solar,Processed Material,Midstream,450475.4125000001,201653.87199999997,248821.54050000012,Brazil
2002,BRA,Solar,Process Equipment,Midstream,14077.777999999993,107126.24301851854,-93048.46501851855,Brazil
2002,BRA,Solar,Process Equipment,Downstream,40407.109000000004,284651.14014814835,-244244.03114814835,Brazil
2002,BRA,Solar,Raw Material,Upstream,118496.24699999999,195295.288,-76799.04100000001,Brazil
2002,BRA,Solar,Product Component,Downstream,230886.2905,95727.483,135158.8075,Brazil
2002,BRA,Solar,Product Component,Midstream,0,484.08,-484.08,Brazil
2002,BRA,Transmission,Process Equipment,Downstream,51655.84099999998,499699.16099999973,-448043.3199999998,Brazil
2002,BRA,Transmission,Raw Material,Upstream,3692623.1240000012,194515.19000000003,3498107.9340000013,Brazil
2002,BRA,Transmission,Processed Material,Midstream,249720.54100000003,33123.037000000004,216597.50400000002,Brazil
2002,BRA,Transmission,Process Equipment,Midstream,26404.647,22961.27799999999,3443.3690000000097,Brazil
2002,BRA,Transmission,Final Product,Final Product,9664.987000000001,72688.27500000002,-63023.28800000002,Brazil
2002,BRA,Transmission,Product Component,Downstream,15868.709999999997,30108.489999999994,-14239.779999999997,Brazil
2002,BRA,Wind,Product Component,Midstream,464132.983,1006931.9570000004,-542798.9740000004,Brazil
2002,BRA,Wind,Processed Material,Midstream,1210777.0419999994,414262.5920000002,796514.4499999993,Brazil
2002,BRA,Wind,Process Equipment,Downstream,11489.564,138692.94049999997,-127203.37649999997,Brazil
2002,BRA,Wind,Product Component,Downstream,268308.0520000001,528753.245,-260445.1929999999,Brazil
2002,BRA,Wind,Raw Material,Upstream,178594.758,273157.806,-94563.04799999998,Brazil
2002,BRA,Wind,Process Equipment,Midstream,3659.4199999999996,70342.97050000002,-66683.55050000003,Brazil
2002,BRA,Wind,Final Product,Final Product,902.651,214.3495,688.3014999999999,Brazil
2003,BRA,Batteries,Raw Material,Upstream,4416720.410000001,244580.65399999998,4172139.756000001,Brazil
2003,BRA,Batteries,Processed Material,Midstream,575727.752,349701.05000000005,226026.70199999993,Brazil
2003,BRA,Batteries,Product Component,Midstream,110544.45933333333,202807.6496666667,-92263.19033333336,Brazil
2003,BRA,Batteries,Process Equipment,Downstream,109314.23716666683,595906.8820000001,-486592.64483333327,Brazil
2003,BRA,Batteries,Process Equipment,Midstream,20546.076833333333,83843.31400000001,-63297.23716666668,Brazil
2003,BRA,Batteries,Final Product,Final Product,554.213,35624.774,-35070.560999999994,Brazil
2003,BRA,Batteries,Product Component,Downstream,505.38666666666666,5141.448333333333,-4636.0616666666665,Brazil
2003,BRA,Biofuel,Raw Material,Upstream,444773.16799999983,59228.359500000006,385544.8084999998,Brazil
2003,BRA,Biofuel,Processed Material,Midstream,401652.8992115383,242230.0924807692,159422.8067307691,Brazil
2003,BRA,Biofuel,Final Product,Final Product,12876.24353388278,111.97764194139185,12764.265891941388,Brazil
2003,BRA,Biofuel,Process Equipment,Downstream,553966.2139999999,305999.93999999994,247966.27399999998,Brazil
2003,BRA,Biofuel,Process Equipment,Midstream,18433.960000000003,33111.514,-14677.554,Brazil
2003,BRA,Electrolyzers,Product Component,Downstream,141024.54900000003,338849.743,-197825.194,Brazil
2003,BRA,Electrolyzers,Processed Material,Midstream,115404.20900000005,251820.33899999998,-136416.12999999995,Brazil
2003,BRA,Electrolyzers,Process Equipment,Downstream,48214.70799999998,323322.4039999999,-275107.69599999994,Brazil
2003,BRA,Electrolyzers,Process Equipment,Midstream,1714.3750000000002,11196.93,-9482.555,Brazil
2003,BRA,Electrolyzers,Product Component,Midstream,15360.904,23621.397,-8260.493,Brazil
2003,BRA,Electrolyzers,Final Product,Final Product,759.252,890.274,-131.02200000000005,Brazil
2003,BRA,Electrolyzers,Raw Material,Upstream,1630.072,36586.407999999996,-34956.335999999996,Brazil
2003,BRA,Geothermal,Product Component,Midstream,171722.62999999995,479241.5323333333,-307518.90233333333,Brazil
2003,BRA,Geothermal,Final Product,Final Product,57958.519999999975,759754.601,-701796.081,Brazil
2003,BRA,Geothermal,Raw Material,Upstream,4370616.781,318397.5530000001,4052219.228,Brazil
2003,BRA,Geothermal,Processed Material,Midstream,297468.48500000004,65014.673,232453.81200000003,Brazil
2003,BRA,Geothermal,Product Component,Downstream,55060.64399999999,182571.07000000004,-127510.42600000004,Brazil
2003,BRA,Geothermal,Process Equipment,Midstream,22805.7265,96247.93833333331,-73442.2118333333,Brazil
2003,BRA,Geothermal,Process Equipment,Downstream,70936.35650000001,154121.01933333333,-83184.66283333332,Brazil
2003,BRA,Heat Pumps,Product Component,Downstream,590125.9615,229041.44050000003,361084.52099999995,Brazil
2003,BRA,Heat Pumps,Final Product,Final Product,10917.322,15736.067,-4818.744999999999,Brazil
2003,BRA,Heat Pumps,Raw Material,Upstream,134015.76799999998,222609.39300000004,-88593.62500000006,Brazil
2003,BRA,Heat Pumps,Processed Material,Midstream,593036.2100000001,11254.282,581781.9280000001,Brazil
2003,BRA,Heat Pumps,Product Component,Midstream,46966.31349999999,220735.7075,-173769.394,Brazil
2003,BRA,Heat Pumps,Process Equipment,Midstream,952.785,4095.325,-3142.54,Brazil
2003,BRA,Heat Pumps,Process Equipment,Downstream,2946.3610000000012,29294.721000000005,-26348.360000000004,Brazil
2003,BRA,Magnets,Process Equipment,Downstream,63471.34099999999,290742.07199999987,-227270.73099999988,Brazil
2003,BRA,Magnets,Raw Material,Upstream,136090.38199999998,223475.19300000003,-87384.81100000005,Brazil
2003,BRA,Magnets,Processed Material,Midstream,586475.7590000001,8502.965,577972.7940000001,Brazil
2003,BRA,Magnets,Product Component,Downstream,567.928,2515.7445,-1947.8165,Brazil
2003,BRA,Magnets,Final Product,Final Product,639.592,6238.092000000001,-5598.500000000001,Brazil
2003,BRA,Nuclear,Processed Material,Midstream,30695.547000000006,27917.795,2777.7520000000077,Brazil
2003,BRA,Nuclear,Raw Material,Upstream,4251161.754,254695.21000000002,3996466.5439999998,Brazil
2003,BRA,Nuclear,Product Component,Downstream,15179.166,61981.15499999999,-46801.988999999994,Brazil
2003,BRA,Nuclear,Process Equipment,Midstream,31372.370999999996,70252.96800000002,-38880.59700000002,Brazil
2003,BRA,Nuclear,Process Equipment,Downstream,1082.699,8532.327,-7449.627999999999,Brazil
2003,BRA,Nuclear,Processed Material,Upstream,0,12062.132,-12062.132,Brazil
2003,BRA,Solar,Processed Material,Midstream,672024.6759999995,234966.36700000003,437058.3089999995,Brazil
2003,BRA,Solar,Process Equipment,Downstream,56688.161925925866,254517.65940740713,-197829.49748148126,Brazil
2003,BRA,Solar,Raw Material,Upstream,147225.64000000004,223961.424,-76735.78399999996,Brazil
2003,BRA,Solar,Product Component,Downstream,266462.01599999995,129194.01599999999,137267.99999999994,Brazil
2003,BRA,Solar,Process Equipment,Midstream,14236.738240740742,76677.17192592593,-62440.433685185184,Brazil
2003,BRA,Solar,Product Component,Midstream,0,317.167,-317.167,Brazil
2003,BRA,Transmission,Process Equipment,Downstream,86267.57699999998,331970.225,-245702.648,Brazil
2003,BRA,Transmission,Final Product,Final Product,17144.877,63526.72200000001,-46381.84500000001,Brazil
2003,BRA,Transmission,Raw Material,Upstream,4288404.424000001,225381.31600000002,4063023.1080000005,Brazil
2003,BRA,Transmission,Processed Material,Midstream,407233.34500000003,51744.009999999995,355489.335,Brazil
2003,BRA,Transmission,Process Equipment,Midstream,36554.776,19725.161999999997,16829.614,Brazil
2003,BRA,Transmission,Product Component,Downstream,14528.096000000001,28537.297,-14009.200999999997,Brazil
2003,BRA,Wind,Processed Material,Midstream,1730704.6390000002,441949.33550000004,1288755.3035000002,Brazil
2003,BRA,Wind,Product Component,Midstream,534175.9919999997,1059351.9104999998,-525175.9185,Brazil
2003,BRA,Wind,Product Component,Downstream,342508.228,573114.443,-230606.21499999997,Brazil
2003,BRA,Wind,Raw Material,Upstream,214675.74400000004,334490.81600000005,-119815.07200000001,Brazil
2003,BRA,Wind,Process Equipment,Downstream,16800.887,97256.52100000001,-80455.634,Brazil
2003,BRA,Wind,Process Equipment,Midstream,7627.856,69320.445,-61692.58900000001,Brazil
2003,BRA,Wind,Final Product,Final Product,0,998.9955,-998.9955,Brazil
2004,BRA,Batteries,Raw Material,Upstream,6803345.237000002,529545.663,6273799.574000002,Brazil
2004,BRA,Batteries,Product Component,Midstream,163630.06166666668,343334.68433333334,-179704.62266666666,Brazil
2004,BRA,Batteries,Process Equipment,Downstream,316711.2480000003,785180.2996666664,-468469.0516666661,Brazil
2004,BRA,Batteries,Processed Material,Midstream,811847.0429999996,441072.98399999994,370774.05899999966,Brazil
2004,BRA,Batteries,Process Equipment,Midstream,18908.188000000002,59884.039333333334,-40975.85133333333,Brazil
2004,BRA,Batteries,Final Product,Final Product,1285.051,70032.163,-68747.112,Brazil
2004,BRA,Batteries,Product Component,Downstream,1391.5003333333334,5890.820666666666,-4499.320333333332,Brazil
2004,BRA,Biofuel,Raw Material,Upstream,602745.3715000002,132597.5055,470147.8660000003,Brazil
2004,BRA,Biofuel,Processed Material,Midstream,511970.6951346156,304037.77374999993,207932.92138461565,Brazil
2004,BRA,Biofuel,Final Product,Final Product,90604.63476831502,191.6901309523808,90412.94463736264,Brazil
2004,BRA,Biofuel,Process Equipment,Downstream,617000.4369999999,273770.87799999997,343229.55899999995,Brazil
2004,BRA,Biofuel,Process Equipment,Midstream,25613.880000000005,44068.93,-18455.049999999996,Brazil
2004,BRA,Electrolyzers,Product Component,Downstream,201736.473,344208.8669999999,-142472.3939999999,Brazil
2004,BRA,Electrolyzers,Processed Material,Midstream,114961.016,370893.49899999995,-255932.48299999995,Brazil
2004,BRA,Electrolyzers,Process Equipment,Downstream,49240.187,488507.6125,-439267.4255,Brazil
2004,BRA,Electrolyzers,Process Equipment,Midstream,2562.348,10942.1875,-8379.8395,Brazil
2004,BRA,Electrolyzers,Product Component,Midstream,18977.443,30228.454999999998,-11251.011999999999,Brazil
2004,BRA,Electrolyzers,Raw Material,Upstream,1374.7289999999998,96214.77699999999,-94840.04799999998,Brazil
2004,BRA,Electrolyzers,Final Product,Final Product,502.001,5367.213500000001,-4865.2125000000005,Brazil
2004,BRA,Geothermal,Processed Material,Midstream,376724.7240000001,103057.63,273667.0940000001,Brazil
2004,BRA,Geothermal,Raw Material,Upstream,6747433.266000001,596147.2719999999,6151285.994000001,Brazil
2004,BRA,Geothermal,Product Component,Midstream,227938.6536666666,617969.5733333335,-390030.9196666669,Brazil
2004,BRA,Geothermal,Final Product,Final Product,100427.186,151197.986,-50770.8,Brazil
2004,BRA,Geothermal,Process Equipment,Midstream,31351.07966666667,98064.67233333332,-66713.59266666665,Brazil
2004,BRA,Geothermal,Product Component,Downstream,72937.57800000001,140421.434,-67483.856,Brazil
2004,BRA,Geothermal,Process Equipment,Downstream,103147.44666666664,194274.30433333333,-91126.85766666669,Brazil
2004,BRA,Heat Pumps,Final Product,Final Product,21589.949999999986,16715.589999999997,4874.35999999999,Brazil
2004,BRA,Heat Pumps,Raw Material,Upstream,385442.359,495673.07499999995,-110230.71599999996,Brazil
2004,BRA,Heat Pumps,Product Component,Downstream,688133.2074999998,272475.904,415657.3034999998,Brazil
2004,BRA,Heat Pumps,Process Equipment,Downstream,1975.8149999999996,27958.558000000005,-25982.743000000006,Brazil
2004,BRA,Heat Pumps,Processed Material,Midstream,935186.1180000002,28855.341,906330.7770000002,Brazil
2004,BRA,Heat Pumps,Product Component,Midstream,60511.394499999995,300861.8140000001,-240350.41950000008,Brazil
2004,BRA,Heat Pumps,Process Equipment,Midstream,2107.64,6351.025,-4243.385,Brazil
2004,BRA,Magnets,Raw Material,Upstream,389994.75999999995,496585.5369999999,-106590.77699999994,Brazil
2004,BRA,Magnets,Process Equipment,Downstream,250904.20099999997,400555.7489999997,-149651.54799999975,Brazil
2004,BRA,Magnets,Processed Material,Midstream,869624.532,22708.459000000003,846916.073,Brazil
2004,BRA,Magnets,Product Component,Downstream,709.8634999999999,2996.92,-2287.0565,Brazil
2004,BRA,Magnets,Final Product,Final Product,709.8634999999999,10739.708,-10029.844500000001,Brazil
2004,BRA,Nuclear,Raw Material,Upstream,6544975.223999999,535940.825,6009034.398999999,Brazil
2004,BRA,Nuclear,Processed Material,Midstream,67655.14600000001,46779.795,20875.35100000001,Brazil
2004,BRA,Nuclear,Process Equipment,Midstream,18539.709000000003,70701.438,-52161.72899999999,Brazil
2004,BRA,Nuclear,Product Component,Downstream,27842.088000000003,79122.51299999998,-51280.424999999974,Brazil
2004,BRA,Nuclear,Process Equipment,Downstream,1257.219,18362.042,-17104.823,Brazil
2004,BRA,Nuclear,Processed Material,Upstream,0,12225.609,-12225.609,Brazil
2004,BRA,Nuclear,Final Product,Final Product,0,788.929,-788.929,Brazil
2004,BRA,Solar,Raw Material,Upstream,405543.3239999999,500940.66500000004,-95397.34100000013,Brazil
2004,BRA,Solar,Processed Material,Midstream,863350.4384999998,287831.79850000003,575518.6399999998,Brazil
2004,BRA,Solar,Process Equipment,Midstream,21747.830722222203,81067.03296296299,-59319.20224074078,Brazil
2004,BRA,Solar,Process Equipment,Downstream,244410.14927777828,350779.35770370404,-106369.20842592575,Brazil
2004,BRA,Solar,Product Component,Downstream,526692.2165,173268.18850000002,353424.02799999993,Brazil
2004,BRA,Solar,Product Component,Midstream,0,812.686,-812.686,Brazil
2004,BRA,Transmission,Raw Material,Upstream,6597682.435000002,499118.7739999999,6098563.661000002,Brazil
2004,BRA,Transmission,Process Equipment,Downstream,277137.4989999999,439558.81599999964,-162421.31699999975,Brazil
2004,BRA,Transmission,Final Product,Final Product,33305.938,89870.275,-56564.33699999999,Brazil
2004,BRA,Transmission,Processed Material,Midstream,558832.492,98954.295,459878.197,Brazil
2004,BRA,Transmission,Process Equipment,Midstream,49200.366,35701.549,13498.817000000003,Brazil
2004,BRA,Transmission,Product Component,Downstream,16237.025,38784.61200000001,-22547.587000000007,Brazil
2004,BRA,Wind,Raw Material,Upstream,538557.1669999999,690726.185,-152169.01800000016,Brazil
2004,BRA,Wind,Processed Material,Midstream,2213083.5579999997,542644.663,1670438.8949999998,Brazil
2004,BRA,Wind,Product Component,Midstream,908412.2729999996,1420964.5369999995,-512552.26399999997,Brazil
2004,BRA,Wind,Product Component,Downstream,445965.6430000001,851794.289,-405828.6459999999,Brazil
2004,BRA,Wind,Process Equipment,Downstream,24610.66250000001,117708.68700000002,-93098.02450000001,Brazil
2004,BRA,Wind,Process Equipment,Midstream,8548.142499999998,99736.037,-91187.8945,Brazil
2004,BRA,Wind,Final Product,Final Product,785.1605,1974.0175,-1188.857,Brazil
2005,BRA,Batteries,Raw Material,Upstream,10097210.834,525804.7099999998,9571406.124000002,Brazil
2005,BRA,Batteries,Product Component,Midstream,182919.53100000005,338818.81033333344,-155899.2793333334,Brazil
2005,BRA,Batteries,Processed Material,Midstream,1067358.7160000007,589518.103,477840.6130000007,Brazil
2005,BRA,Batteries,Process Equipment,Downstream,250310.41383333266,933866.6733333329,-683556.2595000002,Brazil
2005,BRA,Batteries,Process Equipment,Midstream,28509.05116666666,94875.32866666668,-66366.27750000003,Brazil
2005,BRA,Batteries,Final Product,Final Product,3921.2195,71443.276,-67522.05649999999,Brazil
2005,BRA,Batteries,Product Component,Downstream,2581.6369999999993,7189.146666666666,-4607.509666666667,Brazil
2005,BRA,Biofuel,Raw Material,Upstream,683852.0567499999,254494.43075,429357.6259999999,Brazil
2005,BRA,Biofuel,Processed Material,Midstream,683765.4703653845,406634.75226923096,277130.7180961535,Brazil
2005,BRA,Biofuel,Final Product,Final Product,148445.22192216117,203.1363937728936,148242.08552838827,Brazil
2005,BRA,Biofuel,Process Equipment,Midstream,26527.565000000002,43581.973,-17054.407999999996,Brazil
2005,BRA,Biofuel,Process Equipment,Downstream,736233.0040000001,341483.125,394749.8790000001,Brazil
2005,BRA,Electrolyzers,Processed Material,Midstream,182718.58500000002,453706.024,-270987.43899999995,Brazil
2005,BRA,Electrolyzers,Product Component,Downstream,288493.0899999998,405156.48199999984,-116663.39200000005,Brazil
2005,BRA,Electrolyzers,Process Equipment,Downstream,87385.00849999994,726706.6325,-639321.6240000001,Brazil
2005,BRA,Electrolyzers,Process Equipment,Midstream,4982.6375,13411.6355,-8428.998,Brazil
2005,BRA,Electrolyzers,Product Component,Midstream,25405.837,59945.792,-34539.955,Brazil
2005,BRA,Electrolyzers,Raw Material,Upstream,4447.032999999999,202169.03,-197721.997,Brazil
2005,BRA,Electrolyzers,Final Product,Final Product,2223.8175,3657.469,-1433.6515,Brazil
2005,BRA,Geothermal,Raw Material,Upstream,10042333.425999999,620071.165,9422262.261,Brazil
2005,BRA,Geothermal,Product Component,Midstream,289681.91716666665,681510.1213333334,-391828.2041666668,Brazil
2005,BRA,Geothermal,Process Equipment,Downstream,128050.85266666667,260650.6838333333,-132599.83116666664,Brazil
2005,BRA,Geothermal,Process Equipment,Midstream,29352.824666666664,151037.5678333333,-121684.74316666664,Brazil
2005,BRA,Geothermal,Final Product,Final Product,135368.89299999998,187134.55500000005,-51765.66200000007,Brazil
2005,BRA,Geothermal,Product Component,Downstream,120188.63199999998,183831.27099999998,-63642.638999999996,Brazil
2005,BRA,Geothermal,Processed Material,Midstream,641524.1485,151439.06399999998,490085.0845,Brazil
2005,BRA,Heat Pumps,Raw Material,Upstream,565640.215,491867.304,73772.91099999996,Brazil
2005,BRA,Heat Pumps,Product Component,Downstream,802061.1655000002,315308.102,486753.0635000002,Brazil
2005,BRA,Heat Pumps,Final Product,Final Product,43832.861000000055,20071.809999999998,23761.051000000058,Brazil
2005,BRA,Heat Pumps,Processed Material,Midstream,1124586.9380000003,44496.08500000001,1080090.8530000004,Brazil
2005,BRA,Heat Pumps,Product Component,Midstream,63456.2875,354040.10900000005,-290583.8215000001,Brazil
2005,BRA,Heat Pumps,Process Equipment,Midstream,2389.3379999999997,7545.816,-5156.478,Brazil
2005,BRA,Heat Pumps,Process Equipment,Downstream,4254.4000000000015,31695.98200000001,-27441.58200000001,Brazil
2005,BRA,Magnets,Raw Material,Upstream,572637.8759999999,492766.69800000003,79871.1779999999,Brazil
2005,BRA,Magnets,Process Equipment,Downstream,180294.663,426885.56499999977,-246590.90199999977,Brazil
2005,BRA,Magnets,Processed Material,Midstream,1022616.636,29536.148999999998,993080.4870000001,Brazil
2005,BRA,Magnets,Product Component,Downstream,530.201,2974.0555000000004,-2443.8545000000004,Brazil
2005,BRA,Magnets,Final Product,Final Product,530.201,12984.335000000003,-12454.134000000002,Brazil
2005,BRA,Nuclear,Process Equipment,Midstream,31023.626999999997,94493.938,-63470.311,Brazil
2005,BRA,Nuclear,Raw Material,Upstream,9804461.467,515954.599,9288506.868,Brazil
2005,BRA,Nuclear,Product Component,Downstream,42852.833999999995,101379.93000000001,-58527.09600000001,Brazil
2005,BRA,Nuclear,Processed Material,Midstream,106218.38999999998,77253.462,28964.927999999985,Brazil
2005,BRA,Nuclear,Process Equipment,Downstream,2530.184,18270.413,-15740.229,Brazil
2005,BRA,Nuclear,Processed Material,Upstream,0,12889.657000000001,-12889.657000000001,Brazil
2005,BRA,Nuclear,Final Product,Final Product,0,579.595,-579.595,Brazil
2005,BRA,Solar,Raw Material,Upstream,597110.2449999999,502700.45900000003,94409.78599999985,Brazil
2005,BRA,Solar,Processed Material,Midstream,1103278.1355000003,350753.48900000006,752524.6465000003,Brazil
2005,BRA,Solar,Product Component,Downstream,543965.6775,174042.28100000002,369923.3965,Brazil
2005,BRA,Solar,Process Equipment,Midstream,36268.99164814817,123857.56966666672,-87588.57801851854,Brazil
2005,BRA,Solar,Process Equipment,Downstream,165790.71968518494,380688.2933333335,-214897.57364814857,Brazil
2005,BRA,Solar,Product Component,Midstream,0,690.537,-690.537,Brazil
2005,BRA,Transmission,Raw Material,Upstream,9838614.895999998,491638.877,9346976.018999998,Brazil
2005,BRA,Transmission,Process Equipment,Midstream,76148.51,69561.91499999998,6586.595000000016,Brazil
2005,BRA,Transmission,Process Equipment,Downstream,204216.79800000004,514395.09799999994,-310178.29999999993,Brazil
2005,BRA,Transmission,Product Component,Downstream,21463.005,37227.726,-15764.721000000001,Brazil
2005,BRA,Transmission,Processed Material,Midstream,840784.1390000001,153460.298,687323.841,Brazil
2005,BRA,Transmission,Final Product,Final Product,23620.927,101270.15599999999,-77649.22899999999,Brazil
2005,BRA,Wind,Raw Material,Upstream,768231.8669999999,800212.8049999999,-31980.938000000082,Brazil
2005,BRA,Wind,Processed Material,Midstream,2609273.925,675054.8300000001,1934219.0949999997,Brazil
2005,BRA,Wind,Product Component,Midstream,958375.4949999999,1638833.6950000003,-680458.2000000004,Brazil
2005,BRA,Wind,Product Component,Downstream,656475.7540000001,1018558.7660000001,-362083.012,Brazil
2005,BRA,Wind,Process Equipment,Downstream,34413.812999999995,164073.80200000003,-129659.98900000003,Brazil
2005,BRA,Wind,Process Equipment,Midstream,8483.484999999999,91973.462,-83489.977,Brazil
2005,BRA,Wind,Final Product,Final Product,827.8855,2839.2015,-2011.3160000000003,Brazil
2006,BRA,Batteries,Processed Material,Midstream,1663053.1229999997,654749.235,1008303.8879999997,Brazil
2006,BRA,Batteries,Product Component,Midstream,152897.94633333336,396951.19033333333,-244053.24399999998,Brazil
2006,BRA,Batteries,Process Equipment,Downstream,331140.2021666661,1012876.5880000016,-681736.3858333356,Brazil
2006,BRA,Batteries,Process Equipment,Midstream,30430.606833333328,122302.69199999998,-91872.08516666666,Brazil
2006,BRA,Batteries,Raw Material,Upstream,12499175.597000001,1045003.998,11454171.599000001,Brazil
2006,BRA,Batteries,Final Product,Final Product,4540.627499999999,83685.7545,-79145.127,Brazil
2006,BRA,Batteries,Product Component,Downstream,2538.539666666667,7506.985666666667,-4968.446,Brazil
2006,BRA,Biofuel,Raw Material,Upstream,788678.8510000003,227354.58725000004,561324.2637500002,Brazil
2006,BRA,Biofuel,Final Product,Final Product,179493.14583241756,188.0808809523808,179305.06495146517,Brazil
2006,BRA,Biofuel,Processed Material,Midstream,1330494.7764807686,530144.3824999998,800350.3939807687,Brazil
2006,BRA,Biofuel,Process Equipment,Downstream,817490.1250000001,393210.227,424279.8980000001,Brazil
2006,BRA,Biofuel,Process Equipment,Midstream,37903.274000000005,81238.563,-43335.28899999999,Brazil
2006,BRA,Electrolyzers,Processed Material,Midstream,265205.5910000001,577521.8900000001,-312316.29900000006,Brazil
2006,BRA,Electrolyzers,Process Equipment,Downstream,71393.29750000002,1078002.5219999999,-1006609.2244999999,Brazil
2006,BRA,Electrolyzers,Product Component,Downstream,344489.87400000007,455252.31700000004,-110762.44299999997,Brazil
2006,BRA,Electrolyzers,Process Equipment,Midstream,4109.4175000000005,15898.545000000002,-11789.127500000002,Brazil
2006,BRA,Electrolyzers,Product Component,Midstream,45036.766,65933.39499999999,-20896.628999999986,Brazil
2006,BRA,Electrolyzers,Final Product,Final Product,913.9784999999999,1267.1644999999999,-353.1859999999999,Brazil
2006,BRA,Electrolyzers,Raw Material,Upstream,9573.56,171215.805,-161642.245,Brazil
2006,BRA,Geothermal,Product Component,Midstream,315304.75283333316,771947.6045000001,-456642.851666667,Brazil
2006,BRA,Geothermal,Final Product,Final Product,276404.3480000001,272130.565,4273.783000000112,Brazil
2006,BRA,Geothermal,Product Component,Downstream,129971.41200000001,209257.24099999998,-79285.82899999997,Brazil
2006,BRA,Geothermal,Process Equipment,Midstream,45449.783333333326,180428.6435,-134978.86016666668,Brazil
2006,BRA,Geothermal,Process Equipment,Downstream,66282.17233333332,273408.08949999994,-207125.91716666662,Brazil
2006,BRA,Geothermal,Raw Material,Upstream,12395526.559,1190952.496,11204574.063000001,Brazil
2006,BRA,Geothermal,Processed Material,Midstream,526986.5025000001,169527.9365,357458.56600000005,Brazil
2006,BRA,Heat Pumps,Product Component,Downstream,894675.9924999999,316789.8849999999,577886.1075,Brazil
2006,BRA,Heat Pumps,Final Product,Final Product,36152.405,58312.38000000001,-22159.975000000013,Brazil
2006,BRA,Heat Pumps,Process Equipment,Downstream,6933.207000000002,47228.013999999996,-40294.80699999999,Brazil
2006,BRA,Heat Pumps,Processed Material,Midstream,1842442.605,64700.511,1777742.094,Brazil
2006,BRA,Heat Pumps,Raw Material,Upstream,840477.807,1034660.3650000001,-194182.55800000008,Brazil
2006,BRA,Heat Pumps,Product Component,Midstream,99291.1875,412097.91400000016,-312806.72650000016,Brazil
2006,BRA,Heat Pumps,Process Equipment,Midstream,1657.0880000000002,8703.063000000002,-7045.975000000002,Brazil
2006,BRA,Magnets,Process Equipment,Downstream,261071.54800000004,452863.0179999998,-191791.46999999977,Brazil
2006,BRA,Magnets,Processed Material,Midstream,1258644.2810000004,33752.193999999996,1224892.0870000005,Brazil
2006,BRA,Magnets,Raw Material,Upstream,846619.4260000001,1027730.6330000001,-181111.20700000005,Brazil
2006,BRA,Magnets,Product Component,Downstream,448.71750000000003,2948.781,-2500.0634999999997,Brazil
2006,BRA,Magnets,Final Product,Final Product,670.7175000000001,13401.606500000002,-12730.889000000001,Brazil
2006,BRA,Nuclear,Processed Material,Midstream,170426.63300000003,86190.17999999998,84236.45300000005,Brazil
2006,BRA,Nuclear,Process Equipment,Midstream,33892.854999999996,109562.546,-75669.691,Brazil
2006,BRA,Nuclear,Raw Material,Upstream,12212492.65,1065813.4660000002,11146679.184,Brazil
2006,BRA,Nuclear,Product Component,Downstream,62082.27199999998,144212.986,-82130.71400000002,Brazil
2006,BRA,Nuclear,Process Equipment,Downstream,4310.253000000001,22763.040999999997,-18452.787999999997,Brazil
2006,BRA,Nuclear,Processed Material,Upstream,0,12657.267,-12657.267,Brazil
2006,BRA,Nuclear,Final Product,Final Product,0,521.457,-521.457,Brazil
2006,BRA,Solar,Processed Material,Midstream,1711666.184,448118.4799999999,1263547.704,Brazil
2006,BRA,Solar,Product Component,Downstream,699470.666,202673.499,496797.16699999996,Brazil
2006,BRA,Solar,Process Equipment,Midstream,45815.73535185182,169800.60572222224,-123984.87037037042,Brazil
2006,BRA,Solar,Process Equipment,Downstream,252453.6433148153,410328.8097777768,-157875.16646296153,Brazil
2006,BRA,Solar,Raw Material,Upstream,882305.6950000001,1032127.7040000003,-149822.0090000002,Brazil
2006,BRA,Solar,Product Component,Midstream,0,1621.1150000000002,-1621.1150000000002,Brazil
2006,BRA,Transmission,Process Equipment,Downstream,294270.16799999995,568879.531,-274609.363,Brazil
2006,BRA,Transmission,Product Component,Downstream,31611.102000000003,51923.856999999996,-20312.754999999994,Brazil
2006,BRA,Transmission,Raw Material,Upstream,12294723.881000001,1025804.2170000002,11268919.664,Brazil
2006,BRA,Transmission,Processed Material,Midstream,1545571.2060000002,329022.7529999999,1216548.4530000002,Brazil
2006,BRA,Transmission,Process Equipment,Midstream,111340.91699999997,52075.208000000006,59265.708999999966,Brazil
2006,BRA,Transmission,Final Product,Final Product,17982.725000000002,115960.08199999998,-97977.35699999997,Brazil
2006,BRA,Wind,Product Component,Midstream,1119490.2565000001,1813992.188999999,-694501.932499999,Brazil
2006,BRA,Wind,Processed Material,Midstream,4067270.5254999995,880669.6170000001,3186600.9084999994,Brazil
2006,BRA,Wind,Process Equipment,Downstream,41726.99849999999,207872.0675,-166145.06900000002,Brazil
2006,BRA,Wind,Process Equipment,Midstream,11299.2705,116231.31150000001,-104932.04100000001,Brazil
2006,BRA,Wind,Product Component,Downstream,847010.5969999998,1161657.345,-314646.74800000014,Brazil
2006,BRA,Wind,Raw Material,Upstream,940845.28,1427070.0829999999,-486224.80299999984,Brazil
2006,BRA,Wind,Final Product,Final Product,260.285,28408.3235,-28148.0385,Brazil
2007,BRA,Batteries,Product Component,Midstream,183491.56133333332,508665.72746666666,-325174.16613333335,Brazil
2007,BRA,Batteries,Processed Material,Midstream,1991481.1169999994,862333.537,1129147.5799999994,Brazil
2007,BRA,Batteries,Process Equipment,Downstream,406725.3970000005,1409983.6384999987,-1003258.2414999981,Brazil
2007,BRA,Batteries,Process Equipment,Midstream,26843.85599999999,172430.67849999998,-145586.82249999998,Brazil
2007,BRA,Batteries,Raw Material,Upstream,20123494.255999986,1142366.7979999997,18981127.457999986,Brazil
2007,BRA,Batteries,Final Product,Final Product,3188.3764999999994,83493.68,-80305.3035,Brazil
2007,BRA,Batteries,Product Component,Downstream,2251.4136666666664,8089.166333333334,-5837.752666666667,Brazil
2007,BRA,Biofuel,Raw Material,Upstream,1035543.5667499998,326672.57299999986,708870.9937499999,Brazil
2007,BRA,Biofuel,Final Product,Final Product,123249.95526190478,5619.317602380951,117630.63765952383,Brazil
2007,BRA,Biofuel,Processed Material,Midstream,1431424.2580000004,611365.3049999999,820058.9530000004,Brazil
2007,BRA,Biofuel,Process Equipment,Downstream,887554.0499999996,533870.2869999999,353683.7629999997,Brazil
2007,BRA,Biofuel,Process Equipment,Midstream,54864.825000000004,119871.546,-65006.721,Brazil
2007,BRA,Electrolyzers,Product Component,Downstream,364088.4939999999,688874.4519999999,-324785.95800000004,Brazil
2007,BRA,Electrolyzers,Processed Material,Midstream,247216.51500000016,779126.22,-531909.7049999998,Brazil
2007,BRA,Electrolyzers,Process Equipment,Downstream,110820.31100000003,1613952.1564999993,-1503131.8454999994,Brazil
2007,BRA,Electrolyzers,Process Equipment,Midstream,5089.670999999999,21194.0595,-16104.388500000001,Brazil
2007,BRA,Electrolyzers,Raw Material,Upstream,21374.627,202461.63599999997,-181087.00899999996,Brazil
2007,BRA,Electrolyzers,Product Component,Midstream,33790.905999999995,79184.286,-45393.38,Brazil
2007,BRA,Electrolyzers,Final Product,Final Product,715.577,8317.3055,-7601.7285,Brazil
2007,BRA,Geothermal,Product Component,Midstream,439627.1861666667,956197.9960000002,-516570.8098333335,Brazil
2007,BRA,Geothermal,Processed Material,Midstream,678654.8354999998,235706.25300000003,442948.5824999998,Brazil
2007,BRA,Geothermal,Product Component,Downstream,150987.0329999999,270934.031,-119946.99800000011,Brazil
2007,BRA,Geothermal,Final Product,Final Product,258256.0650000001,247452.78549999994,10803.27950000015,Brazil
2007,BRA,Geothermal,Process Equipment,Midstream,48529.27416666666,203516.6135,-154987.33933333334,Brazil
2007,BRA,Geothermal,Process Equipment,Downstream,55343.39316666669,451637.47849999997,-396294.0853333333,Brazil
2007,BRA,Geothermal,Raw Material,Upstream,20009261.452999994,1289646.157,18719615.295999993,Brazil
2007,BRA,Heat Pumps,Product Component,Downstream,957092.6064999999,490722.27399999986,466370.3325,Brazil
2007,BRA,Heat Pumps,Process Equipment,Midstream,2464.083,12936.183,-10472.1,Brazil
2007,BRA,Heat Pumps,Process Equipment,Downstream,9796.702999999998,61329.35500000002,-51532.65200000002,Brazil
2007,BRA,Heat Pumps,Processed Material,Midstream,2028205.455,73056.975,1955148.48,Brazil
2007,BRA,Heat Pumps,Raw Material,Upstream,1312129.3940000006,1091703.4059999997,220425.98800000083,Brazil
2007,BRA,Heat Pumps,Product Component,Midstream,98842.55650000002,492395.68999999994,-393553.13349999994,Brazil
2007,BRA,Heat Pumps,Final Product,Final Product,6485.9770000000035,11526.238000000001,-5040.260999999998,Brazil
2007,BRA,Magnets,Process Equipment,Downstream,328299.1689999999,588371.5889999999,-260072.42000000004,Brazil
2007,BRA,Magnets,Processed Material,Midstream,1798361.5189999996,57604.474,1740757.0449999997,Brazil
2007,BRA,Magnets,Raw Material,Upstream,1330192.8300000005,1092904.0389999999,237288.79100000067,Brazil
2007,BRA,Magnets,Product Component,Downstream,444.19149999999996,3391.1179999999995,-2946.9264999999996,Brazil
2007,BRA,Magnets,Final Product,Final Product,2915.4494999999997,12253.1095,-9337.66,Brazil
2007,BRA,Nuclear,Process Equipment,Midstream,47225.77300000001,127559.79699999996,-80334.02399999995,Brazil
2007,BRA,Nuclear,Product Component,Downstream,62074.97450000002,148281.3695,-86206.39499999999,Brazil
2007,BRA,Nuclear,Raw Material,Upstream,19790909.307999987,1118333.8249999997,18672575.482999988,Brazil
2007,BRA,Nuclear,Processed Material,Midstream,254768.34900000002,113748.54400000001,141019.805,Brazil
2007,BRA,Nuclear,Process Equipment,Downstream,643,27318.951000000005,-26675.951000000005,Brazil
2007,BRA,Nuclear,Final Product,Final Product,253.9275,759.3505,-505.423,Brazil
2007,BRA,Nuclear,Processed Material,Upstream,0,15772.734,-15772.734,Brazil
2007,BRA,Solar,Processed Material,Midstream,1935673.2840000002,565511.6905,1370161.5935000002,Brazil
2007,BRA,Solar,Product Component,Downstream,779974.043,228578.77949999998,551395.2635,Brazil
2007,BRA,Solar,Process Equipment,Midstream,224528.4309854498,892913.4838167992,-668385.0528313494,Brazil
2007,BRA,Solar,Process Equipment,Downstream,389003.93087169284,783825.7716117696,-394821.84074007673,Brazil
2007,BRA,Solar,Raw Material,Upstream,1366013.2920000001,1097706.8859999997,268306.4060000004,Brazil
2007,BRA,Solar,Product Component,Midstream,0,1599.945,-1599.945,Brazil
2007,BRA,Transmission,Process Equipment,Downstream,346443.673,792746.3410000005,-446302.66800000047,Brazil
2007,BRA,Transmission,Process Equipment,Midstream,146133.36900000004,64212.73500000002,81920.63400000002,Brazil
2007,BRA,Transmission,Final Product,Final Product,46707.905999999995,115787.12300000005,-69079.21700000006,Brazil
2007,BRA,Transmission,Product Component,Downstream,39110.48,64502.87,-25392.39,Brazil
2007,BRA,Transmission,Raw Material,Upstream,19835015.808999993,1090745.0959999997,18744270.712999992,Brazil
2007,BRA,Transmission,Processed Material,Midstream,1493729.0240000002,301458.71,1192270.3140000002,Brazil
2007,BRA,Wind,Product Component,Midstream,1795924.038166666,2922857.5914999996,-1126933.5533333337,Brazil
2007,BRA,Wind,Processed Material,Midstream,4199425.388500002,1226679.7045000002,2972745.684000002,Brazil
2007,BRA,Wind,Product Component,Downstream,1274270.6348749998,1741768.747625,-467498.1127500003,Brazil
2007,BRA,Wind,Process Equipment,Downstream,47800.77100000002,262495.0335,-214694.2625,Brazil
2007,BRA,Wind,Process Equipment,Midstream,18541.725999999995,144615.20149999997,-126073.47549999997,Brazil
2007,BRA,Wind,Raw Material,Upstream,1481495.2410000006,1574005.734,-92510.49299999932,Brazil
2007,BRA,Wind,Final Product,Final Product,872.4854999999999,22154.755,-21282.269500000002,Brazil
2008,BRA,Batteries,Product Component,Midstream,236490.68706666664,602745.9785333334,-366255.29146666673,Brazil
2008,BRA,Batteries,Processed Material,Midstream,2216282.4899999998,1056925.85,1159356.6399999997,Brazil
2008,BRA,Batteries,Process Equipment,Downstream,274913.5161666666,1855511.1656666659,-1580597.6494999994,Brazil
2008,BRA,Batteries,Process Equipment,Midstream,34757.80483333332,182131.43933333334,-147373.63450000001,Brazil
2008,BRA,Batteries,Final Product,Final Product,2108.127,117321.192,-115213.065,Brazil
2008,BRA,Batteries,Raw Material,Upstream,34711295.55900001,1070861.9640000002,33640433.595000006,Brazil
2008,BRA,Batteries,Product Component,Downstream,3660.3866666666663,8620.830999999998,-4960.444333333332,Brazil
2008,BRA,Biofuel,Raw Material,Upstream,1262288.0784999998,425971.79274999996,836316.2857499998,Brazil
2008,BRA,Biofuel,Final Product,Final Product,138897.8700095238,5047.815516666666,133850.05449285713,Brazil
2008,BRA,Biofuel,Processed Material,Midstream,1802333.7389999998,837272.412,965061.3269999998,Brazil
2008,BRA,Biofuel,Process Equipment,Downstream,890785.2259999996,792833.9690000002,97951.2569999994,Brazil
2008,BRA,Biofuel,Process Equipment,Midstream,74129.86300000003,132906.569,-58776.70599999996,Brazil
2008,BRA,Electrolyzers,Processed Material,Midstream,271452.88499999983,1024601.2259999999,-753148.341,Brazil
2008,BRA,Electrolyzers,Product Component,Downstream,425406.591,931590.9580000003,-506184.3670000003,Brazil
2008,BRA,Electrolyzers,Process Equipment,Downstream,126882.06100000005,2240129.9029999976,-2113247.8419999974,Brazil
2008,BRA,Electrolyzers,Process Equipment,Midstream,7594.831,30071.538999999997,-22476.708,Brazil
2008,BRA,Electrolyzers,Raw Material,Upstream,19069.793000000005,261679.13399999996,-242609.34099999996,Brazil
2008,BRA,Electrolyzers,Product Component,Midstream,39185.873999999996,96408.741,-57222.867,Brazil
2008,BRA,Electrolyzers,Final Product,Final Product,1480.5210000000002,12734.396500000003,-11253.875500000002,Brazil
2008,BRA,Geothermal,Product Component,Midstream,483322.5844999999,1207831.7180000003,-724509.1335000005,Brazil
2008,BRA,Geothermal,Final Product,Final Product,316173.388,352224.1830000001,-36050.7950000001,Brazil
2008,BRA,Geothermal,Processed Material,Midstream,860513.3915,263235.34,597278.0515000001,Brazil
2008,BRA,Geothermal,Product Component,Downstream,172062.56199999998,465576.79500000004,-293514.23300000007,Brazil
2008,BRA,Geothermal,Process Equipment,Downstream,95118.14350000002,709888.2609999997,-614770.1174999997,Brazil
2008,BRA,Geothermal,Process Equipment,Midstream,72533.00149999998,342896.841,-270363.8395,Brazil
2008,BRA,Geothermal,Raw Material,Upstream,34710269.44600002,1173755.707,33536513.73900002,Brazil
2008,BRA,Heat Pumps,Product Component,Midstream,74347.47649999999,628486.1754999997,-554138.6989999997,Brazil
2008,BRA,Heat Pumps,Product Component,Downstream,923011.7724999997,587192.1765,335819.5959999998,Brazil
2008,BRA,Heat Pumps,Process Equipment,Midstream,4882.066999999999,19880.406,-14998.339,Brazil
2008,BRA,Heat Pumps,Process Equipment,Downstream,10769.479000000001,103646.18499999997,-92876.70599999996,Brazil
2008,BRA,Heat Pumps,Processed Material,Midstream,2356593.765,76724.33699999998,2279869.4280000003,Brazil
2008,BRA,Heat Pumps,Raw Material,Upstream,1509830.8969999999,859790.2699999999,650040.627,Brazil
2008,BRA,Heat Pumps,Final Product,Final Product,3072.974,12360.734999999997,-9287.760999999997,Brazil
2008,BRA,Magnets,Process Equipment,Downstream,156015.321,866872.488,-710857.167,Brazil
2008,BRA,Magnets,Processed Material,Midstream,2671706.783999998,49157.31999999999,2622549.4639999983,Brazil
2008,BRA,Magnets,Raw Material,Upstream,1537409.7010000001,861521.9199999999,675887.7810000002,Brazil
2008,BRA,Magnets,Product Component,Downstream,305.52,4859.992000000001,-4554.472000000002,Brazil
2008,BRA,Magnets,Final Product,Final Product,1969.6790000000003,12854.208000000002,-10884.529000000002,Brazil
2008,BRA,Nuclear,Processed Material,Midstream,314193.04099999985,126333.83300000001,187859.20799999984,Brazil
2008,BRA,Nuclear,Process Equipment,Midstream,81544.502,186212.83699999997,-104668.33499999998,Brazil
2008,BRA,Nuclear,Product Component,Downstream,46269.56549999999,263678.3245,-217408.759,Brazil
2008,BRA,Nuclear,Raw Material,Upstream,34427784.96800001,975052.1819999999,33452732.78600001,Brazil
2008,BRA,Nuclear,Process Equipment,Downstream,2198.641,47338.47699999999,-45139.83599999999,Brazil
2008,BRA,Nuclear,Final Product,Final Product,165.0575,306.59950000000003,-141.54200000000003,Brazil
2008,BRA,Nuclear,Processed Material,Upstream,0,32763.948999999997,-32763.948999999997,Brazil
2008,BRA,Solar,Process Equipment,Midstream,234685.00559656086,1242515.5894821428,-1007830.5838855819,Brazil
2008,BRA,Solar,Processed Material,Midstream,2469650.129499999,867324.2200000001,1602325.9094999987,Brazil
2008,BRA,Solar,Product Component,Downstream,748241.2875,232216.813,516024.4745,Brazil
2008,BRA,Solar,Process Equipment,Downstream,197632.50826058237,1128256.607994047,-930624.0997334647,Brazil
2008,BRA,Solar,Raw Material,Upstream,1613040.9089999995,869072.3769999999,743968.5319999997,Brazil
2008,BRA,Solar,Product Component,Midstream,2775.413,802.773,1972.6399999999999,Brazil
2008,BRA,Transmission,Process Equipment,Downstream,206127.881,1157653.4890000008,-951525.6080000007,Brazil
2008,BRA,Transmission,Process Equipment,Midstream,139981.00499999998,96426.38800000004,43554.61699999994,Brazil
2008,BRA,Transmission,Final Product,Final Product,43465.37399999999,126164.72199999995,-82699.34799999997,Brazil
2008,BRA,Transmission,Product Component,Downstream,46901.831999999995,97537.11600000002,-50635.28400000003,Brazil
2008,BRA,Transmission,Processed Material,Midstream,1801252.5469999998,352523.26300000004,1448729.2839999998,Brazil
2008,BRA,Transmission,Raw Material,Upstream,33880851.411,863694.153,33017157.257999998,Brazil
2008,BRA,Wind,Product Component,Midstream,1858879.4190000007,3961054.315833333,-2102174.8968333323,Brazil
2008,BRA,Wind,Processed Material,Midstream,4227171.108500001,1585515.572,2641655.5365000013,Brazil
2008,BRA,Wind,Product Component,Downstream,1562961.3239999996,2423498.925875,-860537.6018750006,Brazil
2008,BRA,Wind,Process Equipment,Downstream,78318.76000000001,415754.221,-337435.461,Brazil
2008,BRA,Wind,Process Equipment,Midstream,31360.013,254292.646,-222932.633,Brazil
2008,BRA,Wind,Raw Material,Upstream,2335084.4099999997,1317139.7879999997,1017944.622,Brazil
2008,BRA,Wind,Final Product,Final Product,11558.582,64435.107,-52876.525,Brazil
2009,BRA,Batteries,Product Component,Midstream,271807.144,468377.1313333333,-196569.98733333335,Brazil
2009,BRA,Batteries,Processed Material,Midstream,2010646.7980000004,770327.7039999999,1240319.0940000005,Brazil
2009,BRA,Batteries,Process Equipment,Downstream,246821.58899999977,1478506.7140000006,-1231685.125000001,Brazil
2009,BRA,Batteries,Process Equipment,Midstream,33834.931,235316.46299999996,-201481.53199999995,Brazil
2009,BRA,Batteries,Raw Material,Upstream,19381215.96800001,724736.398,18656479.570000008,Brazil
2009,BRA,Batteries,Final Product,Final Product,3078.0199999999995,128047.483,-124969.46299999999,Brazil
2009,BRA,Batteries,Product Component,Downstream,1803.4819999999997,5463.123666666666,-3659.6416666666664,Brazil
2009,BRA,Biofuel,Raw Material,Upstream,606603.9072499998,188663.99924999994,417939.9079999999,Brazil
2009,BRA,Biofuel,Final Product,Final Product,244260.25963095232,3850.851869047618,240409.4077619047,Brazil
2009,BRA,Biofuel,Processed Material,Midstream,1463436.651999999,615906.4759999997,847530.1759999994,Brazil
2009,BRA,Biofuel,Process Equipment,Midstream,37455.678,177679.63200000004,-140223.95400000003,Brazil
2009,BRA,Biofuel,Process Equipment,Downstream,724445.3470000003,850643.985,-126198.63799999969,Brazil
2009,BRA,Electrolyzers,Processed Material,Midstream,253174.2150000001,748977.1219999996,-495802.90699999954,Brazil
2009,BRA,Electrolyzers,Product Component,Downstream,351771.02600000007,799434.5479999998,-447663.52199999976,Brazil
2009,BRA,Electrolyzers,Process Equipment,Downstream,99528.38550000002,1413197.1769999994,-1313668.7914999994,Brazil
2009,BRA,Electrolyzers,Process Equipment,Midstream,9646.5105,25277.697,-15631.1865,Brazil
2009,BRA,Electrolyzers,Product Component,Midstream,16008.085,85124.52600000001,-69116.44100000002,Brazil
2009,BRA,Electrolyzers,Final Product,Final Product,4494.84,9149.2145,-4654.3745,Brazil
2009,BRA,Electrolyzers,Raw Material,Upstream,6817.343999999999,67848.887,-61031.543000000005,Brazil
2009,BRA,Geothermal,Raw Material,Upstream,19270638.164000012,943244.362,18327393.802000012,Brazil
2009,BRA,Geothermal,Product Component,Midstream,355630.6851666665,940387.1088333336,-584756.4236666671,Brazil
2009,BRA,Geothermal,Product Component,Downstream,132626.16100000005,392678.611,-260052.44999999992,Brazil
2009,BRA,Geothermal,Process Equipment,Downstream,96433.81866666669,651367.8653333335,-554934.0466666669,Brazil
2009,BRA,Geothermal,Process Equipment,Midstream,81136.16366666669,350024.16533333337,-268888.0016666667,Brazil
2009,BRA,Geothermal,Final Product,Final Product,304854.0765000001,449973.82550000004,-145119.74899999995,Brazil
2009,BRA,Geothermal,Processed Material,Midstream,222584.44449999993,120993.32949999999,101591.11499999993,Brazil
2009,BRA,Heat Pumps,Product Component,Midstream,48026.56750000002,488993.3024999999,-440966.73499999987,Brazil
2009,BRA,Heat Pumps,Product Component,Downstream,680700.1475000002,504130.4074999999,176569.74000000028,Brazil
2009,BRA,Heat Pumps,Process Equipment,Midstream,968.149,11995.583999999999,-11027.435,Brazil
2009,BRA,Heat Pumps,Process Equipment,Downstream,2692.3590000000004,81927.17599999996,-79234.81699999997,Brazil
2009,BRA,Heat Pumps,Processed Material,Midstream,1598078.9149999996,45325.939,1552752.9759999996,Brazil
2009,BRA,Heat Pumps,Raw Material,Upstream,1016312.29,699430.2309999999,316882.0590000001,Brazil
2009,BRA,Heat Pumps,Final Product,Final Product,4023.825,8941.185,-4917.36,Brazil
2009,BRA,Magnets,Process Equipment,Downstream,177797.02200000006,636648.1579999998,-458851.13599999977,Brazil
2009,BRA,Magnets,Processed Material,Midstream,1513718.874,46955.834,1466763.04,Brazil
2009,BRA,Magnets,Raw Material,Upstream,1036880.6120000002,702117.744,334762.86800000025,Brazil
2009,BRA,Magnets,Product Component,Downstream,163.6895,4389.2145,-4225.525,Brazil
2009,BRA,Magnets,Final Product,Final Product,1347.807,8494.0415,-7146.2345,Brazil
2009,BRA,Nuclear,Processed Material,Midstream,188654.436,61884.70600000002,126769.72999999997,Brazil
2009,BRA,Nuclear,Product Component,Downstream,43279.422000000006,224837.199,-181557.777,Brazil
2009,BRA,Nuclear,Process Equipment,Midstream,101789.27099999998,307145.5740000001,-205356.3030000001,Brazil
2009,BRA,Nuclear,Raw Material,Upstream,19091033.80000001,740524.0409999999,18350509.759000007,Brazil
2009,BRA,Nuclear,Process Equipment,Downstream,264.769,48606.234,-48341.465,Brazil
2009,BRA,Nuclear,Processed Material,Upstream,0,16041.342,-16041.342,Brazil
2009,BRA,Solar,Process Equipment,Midstream,220293.1960853175,1084331.1918505293,-864037.9957652118,Brazil
2009,BRA,Solar,Process Equipment,Downstream,202996.72000991978,874630.3596970931,-671633.6396871733,Brazil
2009,BRA,Solar,Processed Material,Midstream,1902958.3754999994,596262.452,1306695.9234999993,Brazil
2009,BRA,Solar,Raw Material,Upstream,1068413.3469999998,709592.4400000001,358820.9069999998,Brazil
2009,BRA,Solar,Product Component,Downstream,278239.51250000007,203708.31199999998,74531.2005000001,Brazil
2009,BRA,Solar,Product Component,Midstream,0,364.485,-364.485,Brazil
2009,BRA,Transmission,Process Equipment,Midstream,122369.30200000003,58822.307999999975,63546.99400000005,Brazil
2009,BRA,Transmission,Process Equipment,Downstream,186044.11900000004,872804.3749999997,-686760.2559999996,Brazil
2009,BRA,Transmission,Final Product,Final Product,49038.95200000001,102823.14200000005,-53784.19000000004,Brazil
2009,BRA,Transmission,Product Component,Downstream,31093.63700000001,64053.459,-32959.82199999999,Brazil
2009,BRA,Transmission,Raw Material,Upstream,19032490.54800001,694995.045,18337495.50300001,Brazil
2009,BRA,Transmission,Processed Material,Midstream,1418415.0519999997,139584.09900000002,1278830.9529999997,Brazil
2009,BRA,Wind,Product Component,Midstream,1322261.5356666665,2962965.3881666674,-1640703.852500001,Brazil
2009,BRA,Wind,Processed Material,Midstream,3505019.6100000027,1163353.4935,2341666.1165000023,Brazil
2009,BRA,Wind,Product Component,Downstream,1125587.3023750004,1957251.5241249998,-831664.2217499993,Brazil
2009,BRA,Wind,Process Equipment,Downstream,86074.41249999998,395300.9465000001,-309226.5340000001,Brazil
2009,BRA,Wind,Process Equipment,Midstream,11921.495499999999,231327.7925,-219406.29700000002,Brazil
2009,BRA,Wind,Final Product,Final Product,46905.7785,121673.7925,-74768.014,Brazil
2009,BRA,Wind,Raw Material,Upstream,1247036.1130000004,853707.449,393328.66400000034,Brazil
2010,BRA,Batteries,Processed Material,Midstream,2648702.943,1052375.607,1596327.336,Brazil
2010,BRA,Batteries,Product Component,Midstream,279164.9876666666,602022.2220000001,-322857.23433333344,Brazil
2010,BRA,Batteries,Process Equipment,Downstream,221888.76883333348,1878450.1791666672,-1656561.4103333338,Brazil
2010,BRA,Batteries,Process Equipment,Midstream,27555.345166666662,166282.8378333333,-138727.49266666663,Brazil
2010,BRA,Batteries,Raw Material,Upstream,35335611.65700001,1143963.92,34191647.73700001,Brazil
2010,BRA,Batteries,Final Product,Final Product,1835.9555,150975.6005,-149139.645,Brazil
2010,BRA,Batteries,Product Component,Downstream,2208.512333333333,7747.079,-5538.566666666667,Brazil
2010,BRA,Biofuel,Raw Material,Upstream,668735.2177500001,311351.60850000003,357383.60925000004,Brazil
2010,BRA,Biofuel,Processed Material,Midstream,1991938.0920000009,951455.5399999999,1040482.552000001,Brazil
2010,BRA,Biofuel,Process Equipment,Midstream,52636.55899999999,142584.49500000002,-89947.93600000005,Brazil
2010,BRA,Biofuel,Process Equipment,Downstream,857362.9789999998,1360031.3590000006,-502668.3800000008,Brazil
2010,BRA,Biofuel,Final Product,Final Product,115303.18614285708,32038.420619047618,83264.76552380947,Brazil
2010,BRA,Electrolyzers,Processed Material,Midstream,362482.493,1038439.6280000003,-675957.1350000002,Brazil
2010,BRA,Electrolyzers,Product Component,Downstream,349535.05499999993,1231362.0459999996,-881826.9909999997,Brazil
2010,BRA,Electrolyzers,Process Equipment,Downstream,101453.56499999999,2738543.6854999997,-2637090.1204999997,Brazil
2010,BRA,Electrolyzers,Product Component,Midstream,21213.497,126654.348,-105440.851,Brazil
2010,BRA,Electrolyzers,Process Equipment,Midstream,8282.936,31450.799499999994,-23167.863499999992,Brazil
2010,BRA,Electrolyzers,Raw Material,Upstream,10613.269000000002,96664.777,-86051.508,Brazil
2010,BRA,Electrolyzers,Final Product,Final Product,176.808,5322.5935,-5145.7855,Brazil
2010,BRA,Geothermal,Product Component,Midstream,422369.7264999999,1449563.6791666667,-1027193.9526666668,Brazil
2010,BRA,Geothermal,Final Product,Final Product,395470.23049999995,639131.8489999999,-243661.61849999998,Brazil
2010,BRA,Geothermal,Process Equipment,Downstream,40101.018500000006,628213.6016666666,-588112.5831666666,Brazil
2010,BRA,Geothermal,Process Equipment,Midstream,47082.611499999985,521747.1916666667,-474664.5801666667,Brazil
2010,BRA,Geothermal,Product Component,Downstream,155480.242,599521.466,-444041.22400000005,Brazil
2010,BRA,Geothermal,Raw Material,Upstream,35103882.279000014,1373304.4179999998,33730577.86100002,Brazil
2010,BRA,Geothermal,Processed Material,Midstream,283838.2805,182647.61849999998,101190.66200000001,Brazil
2010,BRA,Heat Pumps,Product Component,Downstream,890067.8225000002,779174.7700000003,110893.05249999999,Brazil
2010,BRA,Heat Pumps,Processed Material,Midstream,2061090.8390000004,124526.729,1936564.1100000003,Brazil
2010,BRA,Heat Pumps,Raw Material,Upstream,1553275.4839999997,1072124.1479999998,481151.3359999999,Brazil
2010,BRA,Heat Pumps,Product Component,Midstream,67349.7675,735816.1280000001,-668466.3605000002,Brazil
2010,BRA,Heat Pumps,Process Equipment,Midstream,1031.934,22480.415999999997,-21448.481999999996,Brazil
2010,BRA,Heat Pumps,Final Product,Final Product,2392.881,11485.883000000002,-9093.002000000002,Brazil
2010,BRA,Heat Pumps,Process Equipment,Downstream,4512.825000000001,114009.125,-109496.3,Brazil
2010,BRA,Magnets,Process Equipment,Downstream,153341.30999999997,778875.5019999999,-625534.1919999999,Brazil
2010,BRA,Magnets,Processed Material,Midstream,2148609.544,130028.08200000004,2018581.4620000003,Brazil
2010,BRA,Magnets,Raw Material,Upstream,1571727.1379999996,1074683.7629999998,497043.37499999977,Brazil
2010,BRA,Magnets,Product Component,Downstream,341.2485,6456.214000000002,-6114.965500000002,Brazil
2010,BRA,Magnets,Final Product,Final Product,1499.77,15676.9025,-14177.1325,Brazil
2010,BRA,Nuclear,Processed Material,Midstream,97178.07100000001,129314.13400000003,-32136.063000000024,Brazil
2010,BRA,Nuclear,Process Equipment,Midstream,55322.474,383622.406,-328299.93200000003,Brazil
2010,BRA,Nuclear,Raw Material,Upstream,34808595.10500002,1151073.6669999997,33657521.438000016,Brazil
2010,BRA,Nuclear,Product Component,Downstream,69567.26300000002,204731.645,-135164.38199999998,Brazil
2010,BRA,Nuclear,Process Equipment,Downstream,376,24895.907999999996,-24519.907999999996,Brazil
2010,BRA,Nuclear,Final Product,Final Product,115.346,4743.08,-4627.734,Brazil
2010,BRA,Nuclear,Processed Material,Upstream,0,24537.339,-24537.339,Brazil
2010,BRA,Solar,Processed Material,Midstream,2536440.7704999987,792639.0134999999,1743801.7569999988,Brazil
2010,BRA,Solar,Product Component,Downstream,278340.93349999987,402390.19649999996,-124049.2630000001,Brazil
2010,BRA,Solar,Process Equipment,Midstream,189692.0255661375,1466507.1218703703,-1276815.0963042327,Brazil
2010,BRA,Solar,Process Equipment,Downstream,178129.74055291017,1076619.590129627,-898489.8495767168,Brazil
2010,BRA,Solar,Raw Material,Upstream,1644693.3360000004,1087649.6460000002,557043.6900000002,Brazil
2010,BRA,Solar,Product Component,Midstream,0,1316.827,-1316.827,Brazil
2010,BRA,Transmission,Process Equipment,Midstream,119232.515,258970.82600000003,-139738.31100000005,Brazil
2010,BRA,Transmission,Process Equipment,Downstream,161438.55300000004,1022470.394,-861031.8409999999,Brazil
2010,BRA,Transmission,Final Product,Final Product,26657.882999999998,114332.27199999997,-87674.38899999997,Brazil
2010,BRA,Transmission,Product Component,Downstream,31305.343999999997,96099.56800000001,-64794.22400000002,Brazil
2010,BRA,Transmission,Raw Material,Upstream,34634191.65900001,1092690.226,33541501.43300001,Brazil
2010,BRA,Transmission,Processed Material,Midstream,1936610.345000001,287510.939,1649099.406000001,Brazil
2010,BRA,Wind,Product Component,Midstream,1681379.8155000028,4086582.5116666667,-2405202.696166664,Brazil
2010,BRA,Wind,Processed Material,Midstream,4289466.3730000025,1719981.394,2569484.979000002,Brazil
2010,BRA,Wind,Product Component,Downstream,1273944.046375,2816252.9245,-1542308.8781250003,Brazil
2010,BRA,Wind,Process Equipment,Downstream,63110.704499999985,534543.9030000002,-471433.1985000002,Brazil
2010,BRA,Wind,Process Equipment,Midstream,14923.208499999999,244023.067,-229099.8585,Brazil
2010,BRA,Wind,Raw Material,Upstream,2015604.0229999996,1342252.7069999997,673351.3159999999,Brazil
2010,BRA,Wind,Final Product,Final Product,19945.699000000004,152029.95500000002,-132084.25600000002,Brazil
2011,BRA,Batteries,Product Component,Midstream,245930.097,728394.49,-482464.393,Brazil
2011,BRA,Batteries,Processed Material,Midstream,3359494.170000001,1356305.8180000002,2003188.3520000007,Brazil
2011,BRA,Batteries,Process Equipment,Downstream,386408.56466666673,2724910.107666667,-2338501.5430000005,Brazil
2011,BRA,Batteries,Process Equipment,Midstream,44773.66033333333,247731.85133333335,-202958.19100000002,Brazil
2011,BRA,Batteries,Final Product,Final Product,2361.3525,165887.27750000003,-163525.92500000002,Brazil
2011,BRA,Batteries,Raw Material,Upstream,48350409.59500003,1158700.584,47191709.01100003,Brazil
2011,BRA,Batteries,Product Component,Downstream,4395.675333333334,9038.321,-4642.645666666666,Brazil
2011,BRA,Biofuel,Raw Material,Upstream,906353.6245,450151.13725,456202.48725,Brazil
2011,BRA,Biofuel,Final Product,Final Product,177257.13940476198,804760.5112142856,-627503.3718095237,Brazil
2011,BRA,Biofuel,Processed Material,Midstream,2458644.677999999,1172475.7500000005,1286168.9279999984,Brazil
2011,BRA,Biofuel,Process Equipment,Midstream,93372.80099999999,175285.479,-81912.678,Brazil
2011,BRA,Biofuel,Process Equipment,Downstream,952501.4750000002,1358467.9810000001,-405966.50599999994,Brazil
2011,BRA,Electrolyzers,Processed Material,Midstream,535617.1899999997,1254547.586,-718930.3960000002,Brazil
2011,BRA,Electrolyzers,Product Component,Downstream,478908.5499999999,1097075.712,-618167.1620000002,Brazil
2011,BRA,Electrolyzers,Process Equipment,Downstream,135098.26849999995,1555458.6585000001,-1420360.3900000001,Brazil
2011,BRA,Electrolyzers,Process Equipment,Midstream,14668.697499999997,35294.423500000004,-20625.72600000001,Brazil
2011,BRA,Electrolyzers,Product Component,Midstream,21452.502,175756.69999999998,-154304.19799999997,Brazil
2011,BRA,Electrolyzers,Raw Material,Upstream,111857.56000000001,111663.76999999999,193.7900000000227,Brazil
2011,BRA,Electrolyzers,Final Product,Final Product,315.134,6661.39,-6346.256,Brazil
2011,BRA,Geothermal,Product Component,Midstream,583909.2786666668,1601892.2418333334,-1017982.9631666666,Brazil
2011,BRA,Geothermal,Processed Material,Midstream,776028.8189999999,219333.9095,556694.9094999998,Brazil
2011,BRA,Geothermal,Product Component,Downstream,222431.56500000003,568881.7029999999,-346450.1379999998,Brazil
2011,BRA,Geothermal,Final Product,Final Product,315994.15899999987,725111.9180000002,-409117.7590000003,Brazil
2011,BRA,Geothermal,Process Equipment,Midstream,63338.874666666685,557096.3468333334,-493757.4721666667,Brazil
2011,BRA,Geothermal,Raw Material,Upstream,48120631.28400001,1405766.9469999997,46714864.33700001,Brazil
2011,BRA,Geothermal,Process Equipment,Downstream,65960.34366666667,837654.9908333335,-771694.6471666668,Brazil
2011,BRA,Heat Pumps,Product Component,Midstream,104734.57150000003,912385.0280000002,-807650.4565000001,Brazil
2011,BRA,Heat Pumps,Product Component,Downstream,936003.0345000002,950487.4609999999,-14484.42649999971,Brazil
2011,BRA,Heat Pumps,Raw Material,Upstream,2091589.6609999998,1115421.741,976167.9199999999,Brazil
2011,BRA,Heat Pumps,Processed Material,Midstream,2383710.8560000006,175114.45299999998,2208596.403000001,Brazil
2011,BRA,Heat Pumps,Process Equipment,Midstream,2404.8530000000005,45102.156,-42697.303,Brazil
2011,BRA,Heat Pumps,Final Product,Final Product,4173.191999999999,20495.502999999997,-16322.310999999998,Brazil
2011,BRA,Heat Pumps,Process Equipment,Downstream,14633.757,188680.39900000003,-174046.64200000002,Brazil
2011,BRA,Magnets,Process Equipment,Downstream,272181.5559999999,1044377.648,-772196.0920000002,Brazil
2011,BRA,Magnets,Raw Material,Upstream,2129829.203,1119561.534,1010267.6690000002,Brazil
2011,BRA,Magnets,Processed Material,Midstream,2413234.5510000004,229071.668,2184162.8830000004,Brazil
2011,BRA,Magnets,Product Component,Downstream,327.711,8273.027,-7945.316,Brazil
2011,BRA,Magnets,Final Product,Final Product,2003.34,22544.171,-20540.831,Brazil
2011,BRA,Nuclear,Process Equipment,Midstream,77198.91599999998,452757.35999999975,-375558.4439999998,Brazil
2011,BRA,Nuclear,Raw Material,Upstream,47806366.76500002,1199352.034,46607014.73100002,Brazil
2011,BRA,Nuclear,Product Component,Downstream,76308.3805,176553.70599999995,-100245.32549999995,Brazil
2011,BRA,Nuclear,Processed Material,Midstream,261581.43,135178.28499999997,126403.14500000002,Brazil
2011,BRA,Nuclear,Process Equipment,Downstream,1557.984,44431.143,-42873.159,Brazil
2011,BRA,Nuclear,Final Product,Final Product,139.8995,2736.16,-2596.2605,Brazil
2011,BRA,Nuclear,Processed Material,Upstream,102.474,39252.418,-39149.943999999996,Brazil
2011,BRA,Solar,Processed Material,Midstream,3252527.0709999995,997915.8589999998,2254611.212,Brazil
2011,BRA,Solar,Product Component,Downstream,152393.677,456873.8989999999,-304480.22199999995,Brazil
2011,BRA,Solar,Process Equipment,Midstream,279627.0389424605,1964268.0086183876,-1684640.9696759272,Brazil
2011,BRA,Solar,Process Equipment,Downstream,309426.5151289669,1490591.5724530495,-1181165.0573240826,Brazil
2011,BRA,Solar,Raw Material,Upstream,2218606.5909999995,1141228.074,1077378.5169999995,Brazil
2011,BRA,Solar,Product Component,Midstream,0,1060.026,-1060.026,Brazil
2011,BRA,Transmission,Process Equipment,Downstream,291263.54299999995,1776320.943,-1485057.4,Brazil
2011,BRA,Transmission,Final Product,Final Product,53194.095,136375.613,-83181.51800000001,Brazil
2011,BRA,Transmission,Raw Material,Upstream,47642634.76700001,1113949.621,46528685.14600001,Brazil
2011,BRA,Transmission,Processed Material,Midstream,2409806.4820000003,344880.08599999995,2064926.3960000004,Brazil
2011,BRA,Transmission,Process Equipment,Midstream,97082.554,130589.17799999993,-33506.62399999992,Brazil
2011,BRA,Transmission,Product Component,Downstream,28497.975,128350.495,-99852.51999999999,Brazil
2011,BRA,Wind,Product Component,Midstream,2074002.1571666657,4962419.3695,-2888417.2123333346,Brazil
2011,BRA,Wind,Processed Material,Midstream,5342169.406999997,2454653.2145,2887516.192499997,Brazil
2011,BRA,Wind,Product Component,Downstream,1529075.7038750004,3443258.5378749995,-1914182.833999999,Brazil
2011,BRA,Wind,Process Equipment,Downstream,72036.10350000001,768689.479,-696653.3755000001,Brazil
2011,BRA,Wind,Process Equipment,Midstream,19275.5445,365254.75899999996,-345979.21449999994,Brazil
2011,BRA,Wind,Raw Material,Upstream,2469746.4799999995,1423876.4610000001,1045870.0189999994,Brazil
2011,BRA,Wind,Final Product,Final Product,16134.194500000001,249140.9805,-233006.786,Brazil
2012,BRA,Batteries,Processed Material,Midstream,3019338.686000001,1257108.818,1762229.8680000012,Brazil
2012,BRA,Batteries,Product Component,Midstream,248034.3846666667,726853.4786666667,-478819.0939999999,Brazil
2012,BRA,Batteries,Process Equipment,Downstream,580494.2896666673,2282029.1316666654,-1701534.841999998,Brazil
2012,BRA,Batteries,Process Equipment,Midstream,38282.39433333333,678909.3803333332,-640626.9859999998,Brazil
2012,BRA,Batteries,Raw Material,Upstream,37131062.64199998,684556.487,36446506.15499998,Brazil
2012,BRA,Batteries,Final Product,Final Product,5704.969666666667,309800.23366666667,-304095.264,Brazil
2012,BRA,Batteries,Product Component,Downstream,3262.522333333333,8018.900333333333,-4756.378000000001,Brazil
2012,BRA,Biofuel,Raw Material,Upstream,874273.8729999999,413167.56175,461106.3112499999,Brazil
2012,BRA,Biofuel,Final Product,Final Product,74408.23283333333,426666.55500000005,-352258.32216666674,Brazil
2012,BRA,Biofuel,Process Equipment,Downstream,1039073.3889999996,1453678.5690000001,-414605.1800000005,Brazil
2012,BRA,Biofuel,Processed Material,Midstream,2373493.6459999993,1218973.045,1154520.6009999993,Brazil
2012,BRA,Biofuel,Process Equipment,Midstream,49256.00499999999,139378.924,-90122.91900000001,Brazil
2012,BRA,Electrolyzers,Processed Material,Midstream,444210.0110000001,1241445.772,-797235.7609999999,Brazil
2012,BRA,Electrolyzers,Product Component,Downstream,444054.72800000006,1201782.7990000003,-757728.0710000002,Brazil
2012,BRA,Electrolyzers,Process Equipment,Downstream,108041.69699999997,1431720.4979999992,-1323678.8009999993,Brazil
2012,BRA,Electrolyzers,Process Equipment,Midstream,7426.537000000001,43131.535,-35704.998,Brazil
2012,BRA,Electrolyzers,Product Component,Midstream,41448.252,126509.39,-85061.138,Brazil
2012,BRA,Electrolyzers,Raw Material,Upstream,135723.26900000003,170444.066,-34720.79699999996,Brazil
2012,BRA,Electrolyzers,Final Product,Final Product,418.09850000000006,6954.5715,-6536.473,Brazil
2012,BRA,Geothermal,Product Component,Midstream,536457.5138333329,1491959.7295,-955502.215666667,Brazil
2012,BRA,Geothermal,Final Product,Final Product,332510.97699999996,1139518.6660000002,-807007.6890000002,Brazil
2012,BRA,Geothermal,Processed Material,Midstream,1161462.5274999996,167192.91249999998,994269.6149999996,Brazil
2012,BRA,Geothermal,Product Component,Downstream,206399.02099999992,676652.1970000002,-470253.1760000002,Brazil
2012,BRA,Geothermal,Process Equipment,Midstream,65498.420333333364,784065.5814999999,-718567.1611666665,Brazil
2012,BRA,Geothermal,Process Equipment,Downstream,126298.51033333337,1046070.1825000001,-919771.6721666667,Brazil
2012,BRA,Geothermal,Raw Material,Upstream,36891374.727999985,1052058.5029999998,35839316.22499999,Brazil
2012,BRA,Heat Pumps,Product Component,Downstream,924927.3429999999,965847.657,-40920.31400000013,Brazil
2012,BRA,Heat Pumps,Raw Material,Upstream,2077131.644,624967.3780000001,1452164.2659999998,Brazil
2012,BRA,Heat Pumps,Processed Material,Midstream,2199700.546,161025.017,2038675.529,Brazil
2012,BRA,Heat Pumps,Product Component,Midstream,81241.98700000001,896522.229,-815280.2420000001,Brazil
2012,BRA,Heat Pumps,Process Equipment,Midstream,1179.3220000000001,35723.40099999999,-34544.07899999999,Brazil
2012,BRA,Heat Pumps,Final Product,Final Product,4287.506,21345.637999999995,-17058.131999999994,Brazil
2012,BRA,Heat Pumps,Process Equipment,Downstream,7684.1010000000015,203319.77100000004,-195635.67000000004,Brazil
2012,BRA,Magnets,Process Equipment,Downstream,498241.65299999993,1057914.574,-559672.9210000001,Brazil
2012,BRA,Magnets,Raw Material,Upstream,2123698.9299999997,626540.8110000002,1497158.1189999995,Brazil
2012,BRA,Magnets,Processed Material,Midstream,2220455.295,173182.224,2047273.071,Brazil
2012,BRA,Magnets,Product Component,Downstream,432.81399999999996,9091.0585,-8658.244499999999,Brazil
2012,BRA,Magnets,Final Product,Final Product,664.911,20689.989500000003,-20025.078500000003,Brazil
2012,BRA,Nuclear,Process Equipment,Midstream,163431.104,464667.3529999999,-301236.2489999999,Brazil
2012,BRA,Nuclear,Raw Material,Upstream,36574463.11899999,661594.9140000002,35912868.20499999,Brazil
2012,BRA,Nuclear,Processed Material,Midstream,571415.848,146730.51099999994,424685.33700000006,Brazil
2012,BRA,Nuclear,Product Component,Downstream,77741.7015,759501.7855000001,-681760.0840000001,Brazil
2012,BRA,Nuclear,Process Equipment,Downstream,165.001,54989.867,-54824.866,Brazil
2012,BRA,Nuclear,Final Product,Final Product,104.9375,3953.5755,-3848.638,Brazil
2012,BRA,Nuclear,Processed Material,Upstream,0,40057.314999999995,-40057.314999999995,Brazil
2012,BRA,Solar,Processed Material,Midstream,2990692.862,1059994.2275000003,1930698.6345,Brazil
2012,BRA,Solar,Process Equipment,Midstream,38856.820999999996,394118.7532222221,-355261.9322222221,Brazil
2012,BRA,Solar,Process Equipment,Downstream,472194.3670000002,844701.8027777757,-372507.4357777755,Brazil
2012,BRA,Solar,Raw Material,Upstream,2229325.818,642027.091,1587298.727,Brazil
2012,BRA,Solar,Product Component,Downstream,83720.47199999998,408517.73949999997,-324797.26749999996,Brazil
2012,BRA,Solar,Product Component,Midstream,0,1159.537,-1159.537,Brazil
2012,BRA,Transmission,Process Equipment,Downstream,522428.16,1272413.7129999998,-749985.5529999998,Brazil
2012,BRA,Transmission,Final Product,Final Product,17949.447000000007,130394.93699999996,-112445.48999999996,Brazil
2012,BRA,Transmission,Raw Material,Upstream,36523067.750999995,629746.872,35893320.87899999,Brazil
2012,BRA,Transmission,Processed Material,Midstream,2285681.158,231249.402,2054431.7559999998,Brazil
2012,BRA,Transmission,Process Equipment,Midstream,84947.36099999998,90589.00799999999,-5641.647000000012,Brazil
2012,BRA,Transmission,Product Component,Downstream,13414.994000000002,114267.366,-100852.37199999999,Brazil
2012,BRA,Wind,Product Component,Midstream,2200238.7170000006,4645705.496500001,-2445466.7795000006,Brazil
2012,BRA,Wind,Processed Material,Midstream,4853311.190999998,2173825.9835,2679485.2074999977,Brazil
2012,BRA,Wind,Product Component,Downstream,1740311.6110000003,3623764.99,-1883453.379,Brazil
2012,BRA,Wind,Process Equipment,Downstream,77421.35599999999,799186.0084999999,-721764.6524999999,Brazil
2012,BRA,Wind,Raw Material,Upstream,2334353.444,986127.4370000002,1348226.007,Brazil
2012,BRA,Wind,Process Equipment,Midstream,13811.324999999999,242884.89049999998,-229073.56549999997,Brazil
2012,BRA,Wind,Final Product,Final Product,4785.3805,169130.285,-164344.9045,Brazil
2013,BRA,Batteries,Processed Material,Midstream,2697257.2529999996,1338948.2650000001,1358308.9879999994,Brazil
2013,BRA,Batteries,Product Component,Midstream,249093.49699999997,776353.6143333333,-527260.1173333334,Brazil
2013,BRA,Batteries,Process Equipment,Downstream,299649.57966666576,2381284.132666667,-2081634.5530000012,Brazil
2013,BRA,Batteries,Process Equipment,Midstream,39905.31333333332,333248.11833333335,-293342.80500000005,Brazil
2013,BRA,Batteries,Raw Material,Upstream,38202031.29500002,1126599.4179999998,37075431.87700002,Brazil
2013,BRA,Batteries,Product Component,Downstream,2898.314,10590.675666666666,-7692.361666666666,Brazil
2013,BRA,Batteries,Final Product,Final Product,4814.558666666666,356455.6526666667,-351641.09400000004,Brazil
2013,BRA,Biofuel,Raw Material,Upstream,812973.2357500001,317082.827,495890.4087500001,Brazil
2013,BRA,Biofuel,Process Equipment,Downstream,743139.2610000003,1575967.8140000002,-832828.553,Brazil
2013,BRA,Biofuel,Process Equipment,Midstream,36420.867999999995,164536.09,-128115.22200000001,Brazil
2013,BRA,Biofuel,Processed Material,Midstream,2147315.3460000004,1334454.0189999999,812861.3270000005,Brazil
2013,BRA,Biofuel,Final Product,Final Product,101801.36966666668,111312.74516666667,-9511.375499999995,Brazil
2013,BRA,Electrolyzers,Product Component,Downstream,357802.0859999999,1331998.6749999998,-974196.5889999999,Brazil
2013,BRA,Electrolyzers,Process Equipment,Downstream,107209.30000000003,1435055.0740000005,-1327845.7740000004,Brazil
2013,BRA,Electrolyzers,Process Equipment,Midstream,13393.006,52143.679,-38750.672999999995,Brazil
2013,BRA,Electrolyzers,Processed Material,Midstream,357358.4470000001,1244706.563,-887348.1159999999,Brazil
2013,BRA,Electrolyzers,Product Component,Midstream,39106.235,199486.09499999997,-160379.86,Brazil
2013,BRA,Electrolyzers,Raw Material,Upstream,66276.914,133483.179,-67206.265,Brazil
2013,BRA,Electrolyzers,Final Product,Final Product,75.4835,22498.571500000002,-22423.088000000003,Brazil
2013,BRA,Geothermal,Product Component,Midstream,387324.743833333,1633177.9311666673,-1245853.1873333342,Brazil
2013,BRA,Geothermal,Processed Material,Midstream,1003160.6484999995,157237.9085,845922.7399999995,Brazil
2013,BRA,Geothermal,Product Component,Downstream,209142.30700000015,562545.0789999999,-353402.77199999976,Brazil
2013,BRA,Geothermal,Final Product,Final Product,713813.0729999999,1051858.38,-338045.30700000003,Brazil
2013,BRA,Geothermal,Process Equipment,Midstream,76883.38933333335,511794.5486666667,-434911.1593333334,Brazil
2013,BRA,Geothermal,Process Equipment,Downstream,131789.68233333336,842290.5066666667,-710500.8243333334,Brazil
2013,BRA,Geothermal,Raw Material,Upstream,37939812.362,1459950.2029999997,36479862.159,Brazil
2013,BRA,Heat Pumps,Product Component,Downstream,801907.0895,1240156.2840000002,-438249.1945000002,Brazil
2013,BRA,Heat Pumps,Raw Material,Upstream,2210309.7839999995,1093769.043,1116540.7409999995,Brazil
2013,BRA,Heat Pumps,Processed Material,Midstream,1968626.4649999994,156987.376,1811639.0889999995,Brazil
2013,BRA,Heat Pumps,Product Component,Midstream,70540.1195,1054552.3320000004,-984012.2125000004,Brazil
2013,BRA,Heat Pumps,Process Equipment,Midstream,1051.868,36009.41700000001,-34957.549000000006,Brazil
2013,BRA,Heat Pumps,Final Product,Final Product,4808.223,30608.331000000013,-25800.108000000015,Brazil
2013,BRA,Heat Pumps,Process Equipment,Downstream,19718.983999999997,156857.23999999996,-137138.25599999996,Brazil
2013,BRA,Magnets,Process Equipment,Downstream,228580.964,1155679.359000001,-927098.3950000011,Brazil
2013,BRA,Magnets,Raw Material,Upstream,2270559.0050000004,1094568.2440000002,1175990.7610000002,Brazil
2013,BRA,Magnets,Processed Material,Midstream,1936251.0530000003,150651.31799999997,1785599.7350000003,Brazil
2013,BRA,Magnets,Product Component,Downstream,103.228,9525.3815,-9422.1535,Brazil
2013,BRA,Magnets,Final Product,Final Product,103.228,18039.611999999997,-17936.384,Brazil
2013,BRA,Nuclear,Product Component,Downstream,73506.989,421127.8734999999,-347620.8844999999,Brazil
2013,BRA,Nuclear,Process Equipment,Midstream,46572.69,489988.811,-443416.121,Brazil
2013,BRA,Nuclear,Raw Material,Upstream,37577826.63400002,1110216.2510000004,36467610.383000016,Brazil
2013,BRA,Nuclear,Processed Material,Midstream,475680.2460000002,242070.3340000001,233609.91200000013,Brazil
2013,BRA,Nuclear,Process Equipment,Downstream,1373.146,68604.25900000002,-67231.11300000003,Brazil
2013,BRA,Nuclear,Processed Material,Upstream,113.362,29125.65,-29012.288,Brazil
2013,BRA,Nuclear,Final Product,Final Product,0,946.0464999999999,-946.0464999999999,Brazil
2013,BRA,Solar,Processed Material,Midstream,2544152.7470000014,1022383.8010000002,1521768.9460000012,Brazil
2013,BRA,Solar,Product Component,Downstream,67260.69200000002,453361.0310000001,-386100.33900000004,Brazil
2013,BRA,Solar,Process Equipment,Midstream,31934.88288888889,360958.2272222222,-329023.3443333333,Brazil
2013,BRA,Solar,Process Equipment,Downstream,191104.860111111,865014.8067777774,-673909.9466666664,Brazil
2013,BRA,Solar,Raw Material,Upstream,2368264.228999999,1103135.888,1265128.3409999989,Brazil
2013,BRA,Solar,Product Component,Midstream,0,1176.499,-1176.499,Brazil
2013,BRA,Transmission,Process Equipment,Downstream,227590.299,1244056.9949999999,-1016466.6959999999,Brazil
2013,BRA,Transmission,Final Product,Final Product,21422.59899999999,132887.806,-111465.20700000002,Brazil
2013,BRA,Transmission,Raw Material,Upstream,37585858.71400001,1050902.2719999999,36534956.44200001,Brazil
2013,BRA,Transmission,Processed Material,Midstream,2056766.438,145429.11199999996,1911337.3260000001,Brazil
2013,BRA,Transmission,Process Equipment,Midstream,62548.10800000003,151236.88800000004,-88688.78,Brazil
2013,BRA,Transmission,Product Component,Downstream,14744.725999999997,117999.79200000002,-103255.06600000002,Brazil
2013,BRA,Wind,Product Component,Midstream,1680548.5710000012,5235993.2335,-3555444.6624999987,Brazil
2013,BRA,Wind,Processed Material,Midstream,4432916.110999996,2402372.3965,2030543.714499996,Brazil
2013,BRA,Wind,Product Component,Downstream,1244317.4280000003,4189407.4350000005,-2945090.007,Brazil
2013,BRA,Wind,Process Equipment,Downstream,56514.01999999999,657510.2500000001,-600996.2300000001,Brazil
2013,BRA,Wind,Raw Material,Upstream,2515990.778,1350995.677,1164995.101,Brazil
2013,BRA,Wind,Process Equipment,Midstream,7982.677999999999,243532.157,-235549.47900000002,Brazil
2013,BRA,Wind,Final Product,Final Product,8892.103,212026.28449999998,-203134.18149999998,Brazil
2014,BRA,Batteries,Processed Material,Midstream,3104115.335999999,1350493.9270000001,1753621.408999999,Brazil
2014,BRA,Batteries,Product Component,Midstream,245308.44133333338,765663.8346666668,-520355.3933333334,Brazil
2014,BRA,Batteries,Process Equipment,Downstream,247866.48666666634,2192695.6978333346,-1944829.2111666682,Brazil
2014,BRA,Batteries,Raw Material,Upstream,31668393.008999974,1070612.97,30597780.038999975,Brazil
2014,BRA,Batteries,Process Equipment,Midstream,79181.36533333336,458618.80016666674,-379437.43483333336,Brazil
2014,BRA,Batteries,Final Product,Final Product,8741.465000000002,354510.50266666664,-345769.0376666666,Brazil
2014,BRA,Batteries,Product Component,Downstream,3244.1176666666665,7314.803333333333,-4070.6856666666667,Brazil
2014,BRA,Biofuel,Raw Material,Upstream,794978.5107499998,366393.3635,428585.1472499998,Brazil
2014,BRA,Biofuel,Final Product,Final Product,104285.50766666663,76535.48,27750.027666666632,Brazil
2014,BRA,Biofuel,Process Equipment,Downstream,727365.3160000001,1297631.072,-570265.7559999998,Brazil
2014,BRA,Biofuel,Process Equipment,Midstream,58346.604,211941.849,-153595.245,Brazil
2014,BRA,Biofuel,Processed Material,Midstream,2682624.6059999997,1374969.364,1307655.2419999996,Brazil
2014,BRA,Electrolyzers,Product Component,Downstream,414298.82700000005,1169265.9080000003,-754967.0810000002,Brazil
2014,BRA,Electrolyzers,Process Equipment,Downstream,102878.16949999997,1332189.4805,-1229311.311,Brazil
2014,BRA,Electrolyzers,Processed Material,Midstream,339004.06800000014,1269749.886,-930745.8179999997,Brazil
2014,BRA,Electrolyzers,Raw Material,Upstream,177282.60499999998,114820.013,62462.591999999975,Brazil
2014,BRA,Electrolyzers,Product Component,Midstream,26929.987999999998,187223.719,-160293.73100000003,Brazil
2014,BRA,Electrolyzers,Process Equipment,Midstream,16872.713499999998,55054.5065,-38181.793000000005,Brazil
2014,BRA,Electrolyzers,Final Product,Final Product,2512.7394999999997,8719.955999999998,-6207.216499999999,Brazil
2014,BRA,Geothermal,Product Component,Midstream,339742.4675000002,1557844.4561666667,-1218101.9886666664,Brazil
2014,BRA,Geothermal,Processed Material,Midstream,1692393.4995,164238.66950000002,1528154.8299999998,Brazil
2014,BRA,Geothermal,Product Component,Downstream,254304.667,568712.513,-314407.846,Brazil
2014,BRA,Geothermal,Process Equipment,Downstream,128920.085,742074.5956666666,-613154.5106666667,Brazil
2014,BRA,Geothermal,Process Equipment,Midstream,83191.79700000002,429727.3656666667,-346535.5686666667,Brazil
2014,BRA,Geothermal,Final Product,Final Product,825709.5080000003,609145.5669999999,216563.94100000034,Brazil
2014,BRA,Geothermal,Raw Material,Upstream,31320081.99999998,1420904.525,29899177.474999983,Brazil
2014,BRA,Heat Pumps,Product Component,Downstream,697106.2760000001,1299314.7809999997,-602208.5049999997,Brazil
2014,BRA,Heat Pumps,Process Equipment,Midstream,1611.764,25255.176000000003,-23643.412000000004,Brazil
2014,BRA,Heat Pumps,Process Equipment,Downstream,12126.640000000001,135060.593,-122933.953,Brazil
2014,BRA,Heat Pumps,Raw Material,Upstream,2298652.6840000004,1037416.507,1261236.1770000004,Brazil
2014,BRA,Heat Pumps,Processed Material,Midstream,2423961.579,307387.0040000001,2116574.5749999997,Brazil
2014,BRA,Heat Pumps,Product Component,Midstream,65049.930000000015,1027740.9650000003,-962691.0350000003,Brazil
2014,BRA,Heat Pumps,Final Product,Final Product,4509.069,25426.517999999996,-20917.448999999997,Brazil
2014,BRA,Magnets,Process Equipment,Downstream,207693.48500000002,1115062.8899999997,-907369.4049999997,Brazil
2014,BRA,Magnets,Raw Material,Upstream,2349379.119000001,1038595.901,1310783.2180000008,Brazil
2014,BRA,Magnets,Processed Material,Midstream,2218149.007,290608.53400000016,1927540.473,Brazil
2014,BRA,Magnets,Product Component,Downstream,188.142,7661.844000000001,-7473.702000000001,Brazil
2014,BRA,Magnets,Final Product,Final Product,188.142,14867.171000000002,-14679.029000000002,Brazil
2014,BRA,Nuclear,Process Equipment,Midstream,50905.913,299761.95999999996,-248856.04699999996,Brazil
2014,BRA,Nuclear,Raw Material,Upstream,31024737.514999986,1062428.017,29962309.497999985,Brazil
2014,BRA,Nuclear,Product Component,Downstream,58979.99249999999,175765.03649999996,-116785.04399999997,Brazil
2014,BRA,Nuclear,Processed Material,Midstream,860288.7340000003,306936.98699999996,553351.7470000003,Brazil
2014,BRA,Nuclear,Final Product,Final Product,73.9805,4605.8205,-4531.84,Brazil
2014,BRA,Nuclear,Process Equipment,Downstream,832.337,56706.471,-55874.134,Brazil
2014,BRA,Nuclear,Processed Material,Upstream,0,25039.131,-25039.131,Brazil
2014,BRA,Solar,Processed Material,Midstream,3012304.4724999988,1038386.2274999999,1973918.2449999987,Brazil
2014,BRA,Solar,Product Component,Downstream,34587.544499999996,568894.2545,-534306.7100000001,Brazil
2014,BRA,Solar,Process Equipment,Midstream,37745.111500000006,221005.6735,-183260.562,Brazil
2014,BRA,Solar,Process Equipment,Downstream,154355.0885000002,841930.6425000001,-687575.5539999999,Brazil
2014,BRA,Solar,Raw Material,Upstream,2491555.9589999993,1045397.105,1446158.8539999994,Brazil
2014,BRA,Solar,Product Component,Midstream,0,2278.5260000000003,-2278.5260000000003,Brazil
2014,BRA,Transmission,Process Equipment,Midstream,62122.70399999999,166667.341,-104544.63699999999,Brazil
2014,BRA,Transmission,Process Equipment,Downstream,184712.14699999997,1150182.0639999998,-965469.9169999998,Brazil
2014,BRA,Transmission,Final Product,Final Product,19025.65,151188.02899999992,-132162.37899999993,Brazil
2014,BRA,Transmission,Raw Material,Upstream,30927989.503999982,1002507.064,29925482.439999983,Brazil
2014,BRA,Transmission,Processed Material,Midstream,2534616.937999999,244911.57300000003,2289705.3649999993,Brazil
2014,BRA,Transmission,Product Component,Downstream,15323.049999999997,112577.113,-97254.063,Brazil
2014,BRA,Wind,Product Component,Midstream,1509439.3919999998,5026081.387000001,-3516641.995000001,Brazil
2014,BRA,Wind,Processed Material,Midstream,4615428.164999998,2981283.9430000004,1634144.2219999977,Brazil
2014,BRA,Wind,Product Component,Downstream,1109113.2640000007,3776177.017,-2667063.7529999996,Brazil
2014,BRA,Wind,Process Equipment,Downstream,67376.49450000002,482379.60349999997,-415003.10899999994,Brazil
2014,BRA,Wind,Raw Material,Upstream,2532688.5830000006,1269489.456,1263199.1270000006,Brazil
2014,BRA,Wind,Process Equipment,Midstream,10162.6225,229363.07150000002,-219200.44900000002,Brazil
2014,BRA,Wind,Final Product,Final Product,14219.5375,141511.1405,-127291.603,Brazil
2015,BRA,Batteries,Process Equipment,Downstream,184792.88000000003,1734924.029000001,-1550131.149000001,Brazil
2015,BRA,Batteries,Raw Material,Upstream,20580124.369999994,958758.597,19621365.772999994,Brazil
2015,BRA,Batteries,Processed Material,Midstream,3220512.2859999975,952123.066,2268389.2199999974,Brazil
2015,BRA,Batteries,Product Component,Midstream,185659.0656666666,690963.7643333334,-505304.69866666675,Brazil
2015,BRA,Batteries,Process Equipment,Midstream,21791.631999999998,217971.4759999999,-196179.84399999992,Brazil
2015,BRA,Batteries,Final Product,Final Product,4999.944666666668,234085.7553333333,-229085.81066666663,Brazil
2015,BRA,Batteries,Product Component,Downstream,3380.841333333333,13164.303666666667,-9783.462333333333,Brazil
2015,BRA,Biofuel,Raw Material,Upstream,774274.7505,315746.62974999996,458528.12075,Brazil
2015,BRA,Biofuel,Processed Material,Midstream,2911902.419999998,997166.5480000002,1914735.8719999979,Brazil
2015,BRA,Biofuel,Process Equipment,Downstream,614970.5740000003,1010464.7119999994,-395494.1379999991,Brazil
2015,BRA,Biofuel,Final Product,Final Product,222886.09966666668,82061.2795,140824.82016666667,Brazil
2015,BRA,Biofuel,Process Equipment,Midstream,65582.06700000001,104387.07199999999,-38805.004999999976,Brazil
2015,BRA,Electrolyzers,Product Component,Downstream,344149.734,903915.4439999999,-559765.71,Brazil
2015,BRA,Electrolyzers,Process Equipment,Downstream,84481.146,1211729.0465000002,-1127247.9005000002,Brazil
2015,BRA,Electrolyzers,Processed Material,Midstream,325738.29399999994,1045924.3459999999,-720186.0519999999,Brazil
2015,BRA,Electrolyzers,Product Component,Midstream,32488.684999999998,145147.60700000002,-112658.92200000002,Brazil
2015,BRA,Electrolyzers,Process Equipment,Midstream,5473.523999999999,35759.5455,-30286.021500000003,Brazil
2015,BRA,Electrolyzers,Final Product,Final Product,2240.7125,12989.363000000001,-10748.650500000002,Brazil
2015,BRA,Electrolyzers,Raw Material,Upstream,147502.61899999998,106297.76,41204.85899999998,Brazil
2015,BRA,Geothermal,Product Component,Midstream,290225.9478333335,1245976.7521666666,-955750.804333333,Brazil
2015,BRA,Geothermal,Processed Material,Midstream,1192844.2384999997,144919.29050000003,1047924.9479999997,Brazil
2015,BRA,Geothermal,Final Product,Final Product,482468.20999999985,355471.247,126996.96299999987,Brazil
2015,BRA,Geothermal,Product Component,Downstream,139921.54100000006,424760.8709999999,-284839.32999999984,Brazil
2015,BRA,Geothermal,Process Equipment,Downstream,107378.92533333333,521404.2546666666,-414025.3293333333,Brazil
2015,BRA,Geothermal,Process Equipment,Midstream,49984.22633333333,320821.73566666665,-270837.5093333333,Brazil
2015,BRA,Geothermal,Raw Material,Upstream,20360985.392999988,1295601.4280000003,19065383.96499999,Brazil
2015,BRA,Heat Pumps,Product Component,Downstream,610145.4999999999,962539.9665000001,-352394.4665000002,Brazil
2015,BRA,Heat Pumps,Raw Material,Upstream,2430912.8609999996,921141.578,1509771.2829999996,Brazil
2015,BRA,Heat Pumps,Processed Material,Midstream,2637582.5169999995,228673.586,2408908.9309999994,Brazil
2015,BRA,Heat Pumps,Product Component,Midstream,58528.998000000014,747268.4095000001,-688739.4115,Brazil
2015,BRA,Heat Pumps,Process Equipment,Midstream,1013.9609999999999,17711.442,-16697.481,Brazil
2015,BRA,Heat Pumps,Final Product,Final Product,2015.3190000000002,15219.088999999996,-13203.769999999997,Brazil
2015,BRA,Heat Pumps,Process Equipment,Downstream,3126.2079999999996,85703.31599999999,-82577.108,Brazil
2015,BRA,Magnets,Process Equipment,Downstream,122538.30199999998,846787.9589999994,-724249.6569999994,Brazil
2015,BRA,Magnets,Raw Material,Upstream,2468638.625,920911.2009999999,1547727.424,Brazil
2015,BRA,Magnets,Processed Material,Midstream,2046292.912,198729.553,1847563.359,Brazil
2015,BRA,Magnets,Product Component,Downstream,127.9395,5583.7665,-5455.826999999999,Brazil
2015,BRA,Magnets,Final Product,Final Product,127.9395,13903.892000000003,-13775.952500000003,Brazil
2015,BRA,Nuclear,Processed Material,Midstream,594153.3729999999,199567.373,394585.9999999999,Brazil
2015,BRA,Nuclear,Raw Material,Upstream,20051595.475999992,942835.0549999999,19108760.420999993,Brazil
2015,BRA,Nuclear,Product Component,Downstream,62781.05999999998,122278.83550000002,-59497.77550000003,Brazil
2015,BRA,Nuclear,Process Equipment,Midstream,40385.64800000001,238652.85600000006,-198267.20800000004,Brazil
2015,BRA,Nuclear,Process Equipment,Downstream,4206.068,54253.386999999995,-50047.318999999996,Brazil
2015,BRA,Nuclear,Final Product,Final Product,155.326,3393.7174999999997,-3238.3914999999997,Brazil
2015,BRA,Nuclear,Processed Material,Upstream,0,24243.797,-24243.797,Brazil
2015,BRA,Solar,Processed Material,Midstream,3149359.577000001,832387.0115,2316972.565500001,Brazil
2015,BRA,Solar,Process Equipment,Downstream,94432.98177777787,619767.9740000002,-525334.9922222223,Brazil
2015,BRA,Solar,Raw Material,Upstream,2541504.945000001,925648.5290000001,1615856.4160000011,Brazil
2015,BRA,Solar,Product Component,Downstream,32770.604,445084.55850000004,-412313.95450000005,Brazil
2015,BRA,Solar,Process Equipment,Midstream,33681.289222222214,197227.953,-163546.6637777778,Brazil
2015,BRA,Solar,Product Component,Midstream,0,2430.111,-2430.111,Brazil
2015,BRA,Transmission,Process Equipment,Midstream,60798.80099999999,106063.48800000001,-45264.68700000002,Brazil
2015,BRA,Transmission,Process Equipment,Downstream,119231.77299999996,873372.298,-754140.525,Brazil
2015,BRA,Transmission,Raw Material,Upstream,20049901.67399999,867043.421,19182858.25299999,Brazil
2015,BRA,Transmission,Processed Material,Midstream,2754312.717,158266.518,2596046.199,Brazil
2015,BRA,Transmission,Final Product,Final Product,28846.423000000017,103985.48100000003,-75139.05800000002,Brazil
2015,BRA,Transmission,Product Component,Downstream,13236.448999999999,82690.834,-69454.38500000001,Brazil
2015,BRA,Wind,Product Component,Midstream,1301302.6300000001,4147961.2475000005,-2846658.6175000006,Brazil
2015,BRA,Wind,Processed Material,Midstream,4715074.806999998,2410547.980499999,2304526.826499999,Brazil
2015,BRA,Wind,Product Component,Downstream,919992.5740000006,2988695.0080000004,-2068702.434,Brazil
2015,BRA,Wind,Process Equipment,Downstream,64228.2015,462691.23650000006,-398463.03500000003,Brazil
2015,BRA,Wind,Raw Material,Upstream,2593483.3769999994,1121928.864,1471554.5129999993,Brazil
2015,BRA,Wind,Process Equipment,Midstream,10133.483499999998,167505.0335,-157371.55,Brazil
2015,BRA,Wind,Final Product,Final Product,263.38,80282.86200000001,-80019.482,Brazil
2016,BRA,Batteries,Product Component,Midstream,187592.46100000004,632801.736,-445209.275,Brazil
2016,BRA,Batteries,Process Equipment,Downstream,302532.32566666737,1470464.8918333342,-1167932.5661666668,Brazil
2016,BRA,Batteries,Raw Material,Upstream,18823885.968999997,752690.857,18071195.111999996,Brazil
2016,BRA,Batteries,Processed Material,Midstream,2983642.3010000004,822458.926,2161183.3750000005,Brazil
2016,BRA,Batteries,Process Equipment,Midstream,32912.64233333333,200610.3751666667,-167697.73283333337,Brazil
2016,BRA,Batteries,Final Product,Final Product,2937.7456666666667,210762.42133333336,-207824.6756666667,Brazil
2016,BRA,Batteries,Product Component,Downstream,4358.344,13743.937000000002,-9385.593,Brazil
2016,BRA,Biofuel,Raw Material,Upstream,696014.4995000003,263468.3865,432546.11300000024,Brazil
2016,BRA,Biofuel,Final Product,Final Product,94149.57566666667,81299.98749999999,12849.588166666683,Brazil
2016,BRA,Biofuel,Processed Material,Midstream,2570836.071000001,886043.737,1684792.334000001,Brazil
2016,BRA,Biofuel,Process Equipment,Downstream,833153.1360000003,1054500.1140000003,-221346.978,Brazil
2016,BRA,Biofuel,Process Equipment,Midstream,45745.79800000001,169054.98,-123309.182,Brazil
2016,BRA,Electrolyzers,Processed Material,Midstream,304889.705,941039.5320000004,-636149.8270000003,Brazil
2016,BRA,Electrolyzers,Product Component,Downstream,510803.2749999999,1003349.9569999999,-492546.68200000003,Brazil
2016,BRA,Electrolyzers,Process Equipment,Downstream,85275.48849999995,849111.3459999997,-763835.8574999997,Brazil
2016,BRA,Electrolyzers,Raw Material,Upstream,64045.359,50604.62699999999,13440.732000000004,Brazil
2016,BRA,Electrolyzers,Product Component,Midstream,18277.115,132378.63700000002,-114101.52200000001,Brazil
2016,BRA,Electrolyzers,Process Equipment,Midstream,6758.021499999999,23476.982000000004,-16718.960500000005,Brazil
2016,BRA,Electrolyzers,Final Product,Final Product,588.0219999999999,2625.3250000000003,-2037.3030000000003,Brazil
2016,BRA,Geothermal,Product Component,Midstream,247409.59233333325,1148681.641333333,-901272.0489999998,Brazil
2016,BRA,Geothermal,Final Product,Final Product,380790.1969999999,378261.48699999996,2528.7099999999627,Brazil
2016,BRA,Geothermal,Processed Material,Midstream,1306541.3669999999,100582.535,1205958.832,Brazil
2016,BRA,Geothermal,Product Component,Downstream,270627.415,532329.0109999998,-261701.59599999984,Brazil
2016,BRA,Geothermal,Process Equipment,Downstream,121660.06083333337,494244.9733333333,-372584.9125,Brazil
2016,BRA,Geothermal,Process Equipment,Midstream,155700.85483333326,384371.6803333334,-228670.82550000012,Brazil
2016,BRA,Geothermal,Raw Material,Upstream,18686649.783000004,1074130.5969999998,17612519.186000004,Brazil
2016,BRA,Heat Pumps,Raw Material,Upstream,2318663.7879999997,725842.594,1592821.1939999997,Brazil
2016,BRA,Heat Pumps,Processed Material,Midstream,2286283.8870000006,140293.119,2145990.7680000006,Brazil
2016,BRA,Heat Pumps,Product Component,Downstream,562182.1385000001,710537.7874999999,-148355.64899999974,Brazil
2016,BRA,Heat Pumps,Product Component,Midstream,62747.22550000001,509402.21849999996,-446654.99299999996,Brazil
2016,BRA,Heat Pumps,Process Equipment,Midstream,841.6880000000001,9303.75,-8462.062,Brazil
2016,BRA,Heat Pumps,Final Product,Final Product,1211.699,10757.738000000001,-9546.039,Brazil
2016,BRA,Heat Pumps,Process Equipment,Downstream,11779.633,67484.22999999998,-55704.59699999998,Brazil
2016,BRA,Magnets,Raw Material,Upstream,2354905.055,725668.531,1629236.5240000002,Brazil
2016,BRA,Magnets,Processed Material,Midstream,1725954.6930000004,123351.43799999998,1602603.2550000004,Brazil
2016,BRA,Magnets,Process Equipment,Downstream,232523.1080000001,832599.3169999998,-600076.2089999997,Brazil
2016,BRA,Magnets,Product Component,Downstream,73.4215,3409.9289999999996,-3336.5074999999997,Brazil
2016,BRA,Magnets,Final Product,Final Product,151.60649999999998,10456.658,-10305.0515,Brazil
2016,BRA,Nuclear,Processed Material,Midstream,578531.934,129958.40900000003,448573.52499999997,Brazil
2016,BRA,Nuclear,Raw Material,Upstream,18398548.937999997,743481.6279999999,17655067.31,Brazil
2016,BRA,Nuclear,Product Component,Downstream,58716.629000000015,190912.595,-132195.966,Brazil
2016,BRA,Nuclear,Process Equipment,Midstream,120162.16000000002,186802.97199999998,-66640.81199999996,Brazil
2016,BRA,Nuclear,Process Equipment,Downstream,2283.0420000000004,91290.446,-89007.404,Brazil
2016,BRA,Nuclear,Final Product,Final Product,155.155,2465.4265,-2310.2715,Brazil
2016,BRA,Nuclear,Processed Material,Upstream,0,21006.347999999998,-21006.347999999998,Brazil
2016,BRA,Solar,Processed Material,Midstream,2913682.323500002,988058.4970000001,1925623.8265000018,Brazil
2016,BRA,Solar,Raw Material,Upstream,2469515.9059999995,728480.9890000001,1741034.9169999994,Brazil
2016,BRA,Solar,Process Equipment,Midstream,116723.66711111115,189890.9722777778,-73167.30516666664,Brazil
2016,BRA,Solar,Process Equipment,Downstream,210689.86188888937,685231.389722222,-474541.52783333266,Brazil
2016,BRA,Solar,Product Component,Downstream,44085.679500000006,576760.3060000001,-532674.6265000001,Brazil
2016,BRA,Solar,Product Component,Midstream,0,397.624,-397.624,Brazil
2016,BRA,Transmission,Process Equipment,Midstream,53197.89899999999,473053.29299999983,-419855.39399999985,Brazil
2016,BRA,Transmission,Raw Material,Upstream,18418170.455,719802.6429999999,17698367.812,Brazil
2016,BRA,Transmission,Processed Material,Midstream,2414417.0349999997,137246.949,2277170.0859999997,Brazil
2016,BRA,Transmission,Process Equipment,Downstream,235465.56400000004,882804.0719999997,-647338.5079999997,Brazil
2016,BRA,Transmission,Product Component,Downstream,14283.548,64422.967000000004,-50139.419,Brazil
2016,BRA,Transmission,Final Product,Final Product,19926.62199999999,151174.37,-131247.74800000002,Brazil
2016,BRA,Wind,Product Component,Midstream,1288796.7145000007,3542920.4595000003,-2254123.7449999996,Brazil
2016,BRA,Wind,Processed Material,Midstream,4471305.118499998,2013065.8455,2458239.272999998,Brazil
2016,BRA,Wind,Product Component,Downstream,927894.8359999999,2664965.872999999,-1737071.0369999993,Brazil
2016,BRA,Wind,Process Equipment,Downstream,148890.395,361814.0829999999,-212923.68799999994,Brazil
2016,BRA,Wind,Raw Material,Upstream,2519129.6969999997,936482.754,1582646.9429999997,Brazil
2016,BRA,Wind,Process Equipment,Midstream,12436.835000000001,178199.67599999998,-165762.841,Brazil
2016,BRA,Wind,Final Product,Final Product,522.5985,23578.3045,-23055.706,Brazil
2017,BRA,Batteries,Product Component,Midstream,216252.80633333322,625981.5633333334,-409728.7570000001,Brazil
2017,BRA,Batteries,Process Equipment,Downstream,227094.77391666634,988404.9220833326,-761310.1481666663,Brazil
2017,BRA,Batteries,Process Equipment,Midstream,15199.772166666664,81540.71566666667,-66340.94350000001,Brazil
2017,BRA,Batteries,Raw Material,Upstream,23500765.70100001,886153.127,22614612.57400001,Brazil
2017,BRA,Batteries,Processed Material,Midstream,3083205.3099999996,545564.1909999999,2537641.119,Brazil
2017,BRA,Batteries,Final Product,Final Product,769.9625,269864.40750000003,-269094.445,Brazil
2017,BRA,Batteries,Product Component,Downstream,5342.921666666666,7754.700666666667,-2411.7790000000005,Brazil
2017,BRA,Biofuel,Raw Material,Upstream,571040.7620000003,361362.267,209678.49500000034,Brazil
2017,BRA,Biofuel,Process Equipment,Midstream,24171.889,73401.44999999998,-49229.56099999999,Brazil
2017,BRA,Biofuel,Process Equipment,Downstream,545075.4159999999,712785.3999999999,-167709.98400000005,Brazil
2017,BRA,Biofuel,Processed Material,Midstream,2987289.896999999,1164417.7040000004,1822872.1929999986,Brazil
2017,BRA,Biofuel,Final Product,Final Product,2542.1330000000003,1709.253,832.8800000000003,Brazil
2017,BRA,Electrolyzers,Product Component,Downstream,374315.5759999998,850378.5545000001,-476062.97850000026,Brazil
2017,BRA,Electrolyzers,Process Equipment,Downstream,121115.68275198419,854311.93121627,-733196.2484642857,Brazil
2017,BRA,Electrolyzers,Process Equipment,Midstream,7308.479,23730.3185,-16421.839500000002,Brazil
2017,BRA,Electrolyzers,Processed Material,Midstream,319522.0829999999,795022.979,-475500.8960000001,Brazil
2017,BRA,Electrolyzers,Product Component,Midstream,18195.037999999997,154096.03399999999,-135900.99599999998,Brazil
2017,BRA,Electrolyzers,Final Product,Final Product,3021.7374999999997,6868.8685000000005,-3847.1310000000008,Brazil
2017,BRA,Electrolyzers,Raw Material,Upstream,12890.045,66771.84300000001,-53881.79800000001,Brazil
2017,BRA,Geothermal,Product Component,Midstream,265087.79283333337,1163665.8431666668,-898578.0503333334,Brazil
2017,BRA,Geothermal,Process Equipment,Downstream,150373.2043333333,222770.9086666667,-72397.70433333341,Brazil
2017,BRA,Geothermal,Product Component,Downstream,163402.951,341659.049,-178256.098,Brazil
2017,BRA,Geothermal,Raw Material,Upstream,23405502.99500001,1182428.9610000001,22223074.03400001,Brazil
2017,BRA,Geothermal,Final Product,Final Product,122686.15100000003,135254.303,-12568.151999999987,Brazil
2017,BRA,Geothermal,Processed Material,Midstream,1610387.3784999996,112070.64450000002,1498316.7339999997,Brazil
2017,BRA,Geothermal,Process Equipment,Midstream,14831.229333333335,79483.66366666666,-64652.43433333332,Brazil
2017,BRA,Heat Pumps,Product Component,Midstream,73665.32650000001,666628.7635000001,-592963.4370000002,Brazil
2017,BRA,Heat Pumps,Product Component,Downstream,578594.0954999998,975272.0620000002,-396677.96650000033,Brazil
2017,BRA,Heat Pumps,Process Equipment,Midstream,2035.0639999999996,9587.295,-7552.231000000001,Brazil
2017,BRA,Heat Pumps,Processed Material,Midstream,2687763.7789999996,157437.421,2530326.3579999995,Brazil
2017,BRA,Heat Pumps,Raw Material,Upstream,2715838.380000001,854864.7789999999,1860973.601000001,Brazil
2017,BRA,Heat Pumps,Final Product,Final Product,3062.4579999999996,22126.861999999994,-19064.403999999995,Brazil
2017,BRA,Heat Pumps,Process Equipment,Downstream,11099.172083333331,30408.295749999994,-19309.123666666663,Brazil
2017,BRA,Magnets,Process Equipment,Downstream,180917.156,625788.2769999999,-444871.1209999999,Brazil
2017,BRA,Magnets,Processed Material,Midstream,2027026.0090000005,137198.647,1889827.3620000007,Brazil
2017,BRA,Magnets,Raw Material,Upstream,2731395.626000001,854602.0099999999,1876793.6160000013,Brazil
2017,BRA,Magnets,Product Component,Downstream,116.648,4197.991,-4081.343,Brazil
2017,BRA,Magnets,Final Product,Final Product,180.6315,12150.818499999996,-11970.186999999996,Brazil
2017,BRA,Nuclear,Processed Material,Midstream,612325.2069999999,148470.027,463855.17999999993,Brazil
2017,BRA,Nuclear,Raw Material,Upstream,23182284.02900001,867065.115,22315218.914000012,Brazil
2017,BRA,Nuclear,Product Component,Downstream,62884.53199999997,62024.450500000006,860.0814999999639,Brazil
2017,BRA,Nuclear,Process Equipment,Midstream,10153.86,51950.100999999995,-41796.240999999995,Brazil
2017,BRA,Nuclear,Processed Material,Upstream,0,24451.946,-24451.946,Brazil
2017,BRA,Nuclear,Final Product,Final Product,0,3901.6205,-3901.6205,Brazil
2017,BRA,Nuclear,Process Equipment,Downstream,0,21748.368000000002,-21748.368000000002,Brazil
2017,BRA,Solar,Processed Material,Midstream,3341673.7209999985,428498.24899999995,2913175.4719999987,Brazil
2017,BRA,Solar,Process Equipment,Downstream,153791.5829999999,460644.23699999985,-306852.654,Brazil
2017,BRA,Solar,Raw Material,Upstream,2868770.7800000007,859567.1639999999,2009203.6160000009,Brazil
2017,BRA,Solar,Product Component,Downstream,106699.57800000001,1032839.5418333327,-926139.9638333328,Brazil
2017,BRA,Solar,Process Equipment,Midstream,2151.2463333333335,32672.698666666663,-30521.45233333333,Brazil
2017,BRA,Solar,Final Product,Final Product,491.46499999999986,148911.9755,-148420.5105,Brazil
2017,BRA,Solar,Product Component,Midstream,327.6433333333333,107913.94933333332,-107586.306,Brazil
2017,BRA,Transmission,Process Equipment,Downstream,193088.2795,667553.5084999999,-474465.2289999999,Brazil
2017,BRA,Transmission,Raw Material,Upstream,22965466.14300001,854815.2009999999,22110650.94200001,Brazil
2017,BRA,Transmission,Processed Material,Midstream,2744796.8889999995,147561.50400000002,2597235.3849999993,Brazil
2017,BRA,Transmission,Process Equipment,Midstream,53124.955,59436.85599999999,-6311.900999999991,Brazil
2017,BRA,Transmission,Final Product,Final Product,29496.060999999994,89341.389,-59845.328,Brazil
2017,BRA,Transmission,Product Component,Downstream,18291.211000000003,74016.371,-55725.159999999996,Brazil
2017,BRA,Wind,Product Component,Midstream,1098046.1465000005,3129633.9605,-2031587.8139999995,Brazil
2017,BRA,Wind,Processed Material,Midstream,4694094.844699996,2280790.9508999996,2413303.893799996,Brazil
2017,BRA,Wind,Product Component,Downstream,456971.414,1149998.8860000002,-693027.4720000002,Brazil
2017,BRA,Wind,Process Equipment,Downstream,39560.31508333333,194205.47925000003,-154645.1641666667,Brazil
2017,BRA,Wind,Raw Material,Upstream,3146442.138000001,1181963.958,1964478.180000001,Brazil
2017,BRA,Wind,Process Equipment,Midstream,6498.8060000000005,64465.730500000005,-57966.92450000001,Brazil
2017,BRA,Wind,Final Product,Final Product,4079.5785000000005,6491.402,-2411.8234999999995,Brazil
2018,BRA,Batteries,Raw Material,Upstream,25022901.99099999,785719.612,24237182.37899999,Brazil
2018,BRA,Batteries,Processed Material,Midstream,3001190.0779999997,819770.4260000002,2181419.652,Brazil
2018,BRA,Batteries,Product Component,Midstream,225814.42933333322,682661.7093333334,-456847.2800000002,Brazil
2018,BRA,Batteries,Process Equipment,Downstream,243542.17299999946,1193354.3947500014,-949812.2217500019,Brazil
2018,BRA,Batteries,Process Equipment,Midstream,10836.257333333335,93463.05816666665,-82626.80083333331,Brazil
2018,BRA,Batteries,Product Component,Downstream,4598.317666666666,6378.671666666666,-1780.3540000000003,Brazil
2018,BRA,Batteries,Final Product,Final Product,1188.6979999999999,306432.65,-305243.95200000005,Brazil
2018,BRA,Biofuel,Raw Material,Upstream,561456.194,341579.43200000003,219876.762,Brazil
2018,BRA,Biofuel,Process Equipment,Downstream,474919.71100000007,741351.868,-266432.15699999995,Brazil
2018,BRA,Biofuel,Processed Material,Midstream,3119843.1820000005,1455174.079,1664669.1030000006,Brazil
2018,BRA,Biofuel,Final Product,Final Product,6068.2699999999995,7972.678,-1904.4080000000004,Brazil
2018,BRA,Biofuel,Process Equipment,Midstream,50835.701,62865.91099999999,-12030.209999999992,Brazil
2018,BRA,Electrolyzers,Product Component,Downstream,294213.768,897389.2779999999,-603175.51,Brazil
2018,BRA,Electrolyzers,Processed Material,Midstream,405017.6889999999,979874.3930000004,-574856.7040000005,Brazil
2018,BRA,Electrolyzers,Process Equipment,Downstream,120695.49881944443,751740.5772341271,-631045.0784146826,Brazil
2018,BRA,Electrolyzers,Product Component,Midstream,32442.32,152094.16499999998,-119651.84499999997,Brazil
2018,BRA,Electrolyzers,Process Equipment,Midstream,7115.812000000001,28692.646999999997,-21576.834999999995,Brazil
2018,BRA,Electrolyzers,Raw Material,Upstream,30946.465000000004,117100.806,-86154.34099999999,Brazil
2018,BRA,Electrolyzers,Final Product,Final Product,2028.577,4104.376,-2075.799,Brazil
2018,BRA,Geothermal,Product Component,Midstream,291691.6535000002,1277184.465,-985492.8114999998,Brazil
2018,BRA,Geothermal,Process Equipment,Downstream,78764.30350000001,250931.15949999998,-172166.85599999997,Brazil
2018,BRA,Geothermal,Process Equipment,Midstream,15140.8985,117931.2815,-102790.383,Brazil
2018,BRA,Geothermal,Raw Material,Upstream,24911521.865999997,1136654.959,23774866.906999998,Brazil
2018,BRA,Geothermal,Processed Material,Midstream,1916928.5675000004,127991.164,1788937.4035000002,Brazil
2018,BRA,Geothermal,Product Component,Downstream,143288.32799999998,368501.327,-225212.999,Brazil
2018,BRA,Geothermal,Final Product,Final Product,220425.878,170017.31,50408.568,Brazil
2018,BRA,Heat Pumps,Product Component,Downstream,511595.468,1044010.3385000003,-532414.8705000003,Brazil
2018,BRA,Heat Pumps,Raw Material,Upstream,2724589.788,750703.0160000001,1973886.772,Brazil
2018,BRA,Heat Pumps,Processed Material,Midstream,2659984.5419999994,173029.301,2486955.2409999995,Brazil
2018,BRA,Heat Pumps,Product Component,Midstream,90799.32599999997,719411.3794999999,-628612.0534999999,Brazil
2018,BRA,Heat Pumps,Process Equipment,Midstream,1083.6970000000001,11602.344,-10518.646999999999,Brazil
2018,BRA,Heat Pumps,Final Product,Final Product,1630.409,13542.047,-11911.638,Brazil
2018,BRA,Heat Pumps,Process Equipment,Downstream,5674.931333333333,23000.601916666663,-17325.67058333333,Brazil
2018,BRA,Magnets,Raw Material,Upstream,2759810.76,750421.551,2009389.2089999998,Brazil
2018,BRA,Magnets,Processed Material,Midstream,2279984.341,156383.24800000002,2123601.093,Brazil
2018,BRA,Magnets,Process Equipment,Downstream,185081.62399999992,769949.2400000001,-584867.6160000002,Brazil
2018,BRA,Magnets,Product Component,Downstream,168.9885,5683.120499999999,-5514.131999999999,Brazil
2018,BRA,Magnets,Final Product,Final Product,347.2565,13687.942,-13340.6855,Brazil
2018,BRA,Nuclear,Raw Material,Upstream,24643937.481999982,782667.9609999998,23861269.520999983,Brazil
2018,BRA,Nuclear,Processed Material,Midstream,721936.7729999997,278963.6430000001,442973.1299999996,Brazil
2018,BRA,Nuclear,Product Component,Downstream,59331.103500000005,80139.97150000001,-20808.86800000001,Brazil
2018,BRA,Nuclear,Process Equipment,Midstream,18250.706,35016.319,-16765.613000000005,Brazil
2018,BRA,Nuclear,Final Product,Final Product,176.6225,2558.991,-2382.3685,Brazil
2018,BRA,Nuclear,Processed Material,Upstream,0,25502.695,-25502.695,Brazil
2018,BRA,Nuclear,Process Equipment,Downstream,0,19336.256,-19336.256,Brazil
2018,BRA,Solar,Processed Material,Midstream,3417251.9039999987,483801.12799999997,2933450.7759999987,Brazil
2018,BRA,Solar,Product Component,Downstream,118676.91174999998,1237515.8155,-1118838.90375,Brazil
2018,BRA,Solar,Raw Material,Upstream,2886735.022000001,760246.4119999999,2126488.610000001,Brazil
2018,BRA,Solar,Process Equipment,Downstream,162294.5690000002,595208.725,-432914.1559999998,Brazil
2018,BRA,Solar,Process Equipment,Midstream,2106.533,30647.254,-28540.721,Brazil
2018,BRA,Solar,Final Product,Final Product,223.10375,185708.13349999994,-185485.02974999993,Brazil
2018,BRA,Solar,Product Component,Midstream,148.73583333333332,133670.74833333332,-133522.01249999998,Brazil
2018,BRA,Transmission,Process Equipment,Midstream,62988.493,52819.394999999975,10169.098000000027,Brazil
2018,BRA,Transmission,Raw Material,Upstream,24427472.588999998,750174.6639999999,23677297.924999997,Brazil
2018,BRA,Transmission,Processed Material,Midstream,2762095.585999998,120488.01599999999,2641607.569999998,Brazil
2018,BRA,Transmission,Process Equipment,Downstream,200427.69716666665,801221.7810000002,-600794.0838333336,Brazil
2018,BRA,Transmission,Final Product,Final Product,16207.586,93462.17899999996,-77254.59299999996,Brazil
2018,BRA,Transmission,Product Component,Downstream,13143.537999999999,87452.71700000003,-74309.17900000003,Brazil
2018,BRA,Wind,Processed Material,Midstream,4313157.873599998,2756515.1060999995,1556642.7674999982,Brazil
2018,BRA,Wind,Product Component,Midstream,1124595.3459999992,3502949.9095000005,-2378354.563500001,Brazil
2018,BRA,Wind,Product Component,Downstream,494761.99899999984,1278403.875,-783641.8760000002,Brazil
2018,BRA,Wind,Process Equipment,Downstream,34677.77483333333,213062.56241666665,-178384.78758333332,Brazil
2018,BRA,Wind,Raw Material,Upstream,3205900.539000001,1151876.7149999999,2054023.824000001,Brazil
2018,BRA,Wind,Process Equipment,Midstream,6523.4535000000005,66285.99650000002,-59762.54300000002,Brazil
2018,BRA,Wind,Final Product,Final Product,547.7769999999999,1798.7515,-1250.9745000000003,Brazil
2019,BRA,Batteries,Product Component,Midstream,194072.0336666667,651094.173,-457022.13933333324,Brazil
2019,BRA,Batteries,Process Equipment,Downstream,216547.4946666672,1187973.1409166667,-971425.6462499995,Brazil
2019,BRA,Batteries,Raw Material,Upstream,29012337.716999996,747728.94,28264608.776999995,Brazil
2019,BRA,Batteries,Processed Material,Midstream,2853093.8290000004,725177.464,2127916.365,Brazil
2019,BRA,Batteries,Process Equipment,Midstream,12857.887499999999,54022.00783333332,-41164.120333333325,Brazil
2019,BRA,Batteries,Product Component,Downstream,3545.4373333333333,5877.4259999999995,-2331.988666666666,Brazil
2019,BRA,Batteries,Final Product,Final Product,1630.8895,358085.54650000005,-356454.65700000006,Brazil
2019,BRA,Biofuel,Raw Material,Upstream,536624.1919999999,310280.73600000003,226343.4559999999,Brazil
2019,BRA,Biofuel,Final Product,Final Product,5305.0679999999975,566.22,4738.847999999997,Brazil
2019,BRA,Biofuel,Process Equipment,Downstream,493677.942,796994.388,-303316.44600000005,Brazil
2019,BRA,Biofuel,Processed Material,Midstream,2938250.5959999976,1627003.4959999998,1311247.0999999978,Brazil
2019,BRA,Biofuel,Process Equipment,Midstream,47847.424000000006,313322.35900000005,-265474.93500000006,Brazil
2019,BRA,Electrolyzers,Product Component,Downstream,371849.4640000001,1044971.1215,-673121.6575,Brazil
2019,BRA,Electrolyzers,Process Equipment,Downstream,123848.56008333339,784661.8912916664,-660813.331208333,Brazil
2019,BRA,Electrolyzers,Processed Material,Midstream,421656.3699999999,1145862.459,-724206.0890000002,Brazil
2019,BRA,Electrolyzers,Raw Material,Upstream,13092.467,126566.046,-113473.579,Brazil
2019,BRA,Electrolyzers,Product Component,Midstream,44844.388000000006,178155.50400000002,-133311.116,Brazil
2019,BRA,Electrolyzers,Process Equipment,Midstream,7559.0595,35850.67,-28291.6105,Brazil
2019,BRA,Electrolyzers,Final Product,Final Product,733.937,1444.3919999999998,-710.4549999999998,Brazil
2019,BRA,Geothermal,Product Component,Midstream,257929.84616666663,1267086.268833333,-1009156.4226666663,Brazil
2019,BRA,Geothermal,Processed Material,Midstream,1703055.9745,112349.50549999997,1590706.469,Brazil
2019,BRA,Geothermal,Process Equipment,Downstream,52428.44316666666,211971.01983333338,-159542.57666666672,Brazil
2019,BRA,Geothermal,Process Equipment,Midstream,12574.544166666667,64419.24283333333,-51844.69866666666,Brazil
2019,BRA,Geothermal,Product Component,Downstream,178741.5070000001,507764.3580000002,-329022.8510000001,Brazil
2019,BRA,Geothermal,Raw Material,Upstream,28836466.960999995,1108700.37,27727766.590999994,Brazil
2019,BRA,Geothermal,Final Product,Final Product,146553.45200000002,1088227.722,-941674.27,Brazil
2019,BRA,Heat Pumps,Product Component,Downstream,469194.5774999999,1125191.5999999994,-655997.0224999995,Brazil
2019,BRA,Heat Pumps,Raw Material,Upstream,2523954.1139999996,630268.2590000001,1893685.8549999995,Brazil
2019,BRA,Heat Pumps,Processed Material,Midstream,2516777.477,153341.066,2363436.411,Brazil
2019,BRA,Heat Pumps,Product Component,Midstream,64116.15350000001,749887.8284999994,-685771.6749999993,Brazil
2019,BRA,Heat Pumps,Process Equipment,Midstream,1038.1490000000001,12233.309999999998,-11195.160999999998,Brazil
2019,BRA,Heat Pumps,Final Product,Final Product,518.655,14703.910000000002,-14185.255000000001,Brazil
2019,BRA,Heat Pumps,Process Equipment,Downstream,2656.862166666667,25502.503749999996,-22845.64158333333,Brazil
2019,BRA,Magnets,Process Equipment,Downstream,157952.64700000003,753022.4920000001,-595069.8450000001,Brazil
2019,BRA,Magnets,Raw Material,Upstream,2542297.609,630773.6540000001,1911523.955,Brazil
2019,BRA,Magnets,Processed Material,Midstream,2472837.939999999,137178.844,2335659.095999999,Brazil
2019,BRA,Magnets,Product Component,Downstream,214.781,5976.374499999999,-5761.593499999999,Brazil
2019,BRA,Magnets,Final Product,Final Product,423.52599999999995,12647.9305,-12224.4045,Brazil
2019,BRA,Nuclear,Process Equipment,Midstream,8965.953,59707.277,-50741.324,Brazil
2019,BRA,Nuclear,Raw Material,Upstream,28593670.655000005,728920.031,27864750.624000005,Brazil
2019,BRA,Nuclear,Processed Material,Midstream,653592.0480000002,225717.689,427874.3590000002,Brazil
2019,BRA,Nuclear,Product Component,Downstream,35382.154,262046.87199999997,-226664.71799999996,Brazil
2019,BRA,Nuclear,Process Equipment,Downstream,195.999,25178.748,-24982.749,Brazil
2019,BRA,Nuclear,Processed Material,Upstream,0,23348.906,-23348.906,Brazil
2019,BRA,Nuclear,Final Product,Final Product,0,4052.508,-4052.508,Brazil
2019,BRA,Solar,Processed Material,Midstream,3249314.958500001,455117.1129999999,2794197.845500001,Brazil
2019,BRA,Solar,Product Component,Downstream,91340.49816666664,1651790.794333334,-1560450.2961666675,Brazil
2019,BRA,Solar,Process Equipment,Downstream,137609.867,559639.3239999997,-422029.4569999997,Brazil
2019,BRA,Solar,Raw Material,Upstream,2679907.341000002,636788.6549999999,2043118.686000002,Brazil
2019,BRA,Solar,Final Product,Final Product,543.2499999999999,279239.6909999998,-278696.4409999998,Brazil
2019,BRA,Solar,Product Component,Midstream,362.1666666666667,198929.777,-198567.61033333334,Brazil
2019,BRA,Solar,Process Equipment,Midstream,4730.139000000001,25025.429,-20295.29,Brazil
2019,BRA,Transmission,Process Equipment,Midstream,76486.754,59851.542000000016,16635.211999999985,Brazil
2019,BRA,Transmission,Process Equipment,Downstream,179532.6418333333,792773.5848333333,-613240.943,Brazil
2019,BRA,Transmission,Product Component,Downstream,17179.758,92849.765,-75670.007,Brazil
2019,BRA,Transmission,Raw Material,Upstream,28314384.598999992,717726.9519999999,27596657.646999992,Brazil
2019,BRA,Transmission,Processed Material,Midstream,2815005.1199999996,89489.68499999998,2725515.4349999996,Brazil
2019,BRA,Transmission,Final Product,Final Product,11724.641000000003,86201.45900000003,-74476.81800000003,Brazil
2019,BRA,Wind,Processed Material,Midstream,3961311.293,2597863.7952000005,1363447.4977999995,Brazil
2019,BRA,Wind,Product Component,Midstream,948744.7630000002,3482841.863999998,-2534097.100999998,Brazil
2019,BRA,Wind,Product Component,Downstream,739952.6789999999,1205398.9870000004,-465446.30800000054,Brazil
2019,BRA,Wind,Process Equipment,Downstream,39265.22766666666,214479.60374999995,-175214.37608333328,Brazil
2019,BRA,Wind,Raw Material,Upstream,3035563.7899999996,1005671.0210000002,2029892.7689999994,Brazil
2019,BRA,Wind,Process Equipment,Midstream,5676.7564999999995,87682.936,-82006.1795,Brazil
2019,BRA,Wind,Final Product,Final Product,11388.943000000001,16241.127999999999,-4852.184999999998,Brazil
2020,BRA,Batteries,Product Component,Midstream,178108.04333333345,677066.4100000003,-498958.3666666668,Brazil
2020,BRA,Batteries,Process Equipment,Downstream,181020.65783333353,996968.9863333334,-815948.3284999998,Brazil
2020,BRA,Batteries,Raw Material,Upstream,31376696.796000004,536290.2019999999,30840406.594000004,Brazil
2020,BRA,Batteries,Processed Material,Midstream,2579856.4590000007,579277.975,2000578.4840000006,Brazil
2020,BRA,Batteries,Process Equipment,Midstream,13178.177999999996,56207.72949999999,-43029.55149999999,Brazil
2020,BRA,Batteries,Product Component,Downstream,2571.9366666666665,5610.554,-3038.6173333333336,Brazil
2020,BRA,Batteries,Final Product,Final Product,3540.5364999999997,379100.5675,-375560.031,Brazil
2020,BRA,Biofuel,Raw Material,Upstream,637495.9619999999,310793.33200000005,326702.6299999999,Brazil
2020,BRA,Biofuel,Final Product,Final Product,62822.33299999999,200.563,62621.76999999999,Brazil
2020,BRA,Biofuel,Process Equipment,Downstream,393461.993,729160.8970000001,-335698.9040000001,Brazil
2020,BRA,Biofuel,Processed Material,Midstream,2550962.3360000006,1468827.358,1082134.9780000006,Brazil
2020,BRA,Biofuel,Process Equipment,Midstream,27153.261,187321.97500000006,-160168.71400000007,Brazil
2020,BRA,Electrolyzers,Product Component,Downstream,343748.09150000016,924163.4065000003,-580415.3150000002,Brazil
2020,BRA,Electrolyzers,Processed Material,Midstream,246139.13000000003,1075062.164,-828923.0340000001,Brazil
2020,BRA,Electrolyzers,Raw Material,Upstream,109942.31999999999,95717.136,14225.183999999994,Brazil
2020,BRA,Electrolyzers,Product Component,Midstream,38830.088,154781.622,-115951.534,Brazil
2020,BRA,Electrolyzers,Process Equipment,Downstream,85600.74824206348,689943.894827381,-604343.1465853176,Brazil
2020,BRA,Electrolyzers,Process Equipment,Midstream,8335.870499999999,31305.409499999998,-22969.538999999997,Brazil
2020,BRA,Electrolyzers,Final Product,Final Product,2112.4575,6265.6125,-4153.155000000001,Brazil
2020,BRA,Geothermal,Product Component,Midstream,206375.8445,1121255.5036666673,-914879.6591666673,Brazil
2020,BRA,Geothermal,Product Component,Downstream,138741.61700000003,390197.10699999996,-251455.48999999993,Brazil
2020,BRA,Geothermal,Raw Material,Upstream,31361809.22199999,826384.755,30535424.466999993,Brazil
2020,BRA,Geothermal,Processed Material,Midstream,1249904.4955,91634.85000000002,1158269.6454999999,Brazil
2020,BRA,Geothermal,Process Equipment,Downstream,88930.524,196446.42066666667,-107515.89666666667,Brazil
2020,BRA,Geothermal,Final Product,Final Product,109125.83799999996,213291.77000000002,-104165.93200000006,Brazil
2020,BRA,Geothermal,Process Equipment,Midstream,9678.365999999998,39488.66766666667,-29810.30166666667,Brazil
2020,BRA,Heat Pumps,Product Component,Downstream,350887.48350000003,1051747.0244999998,-700859.5409999997,Brazil
2020,BRA,Heat Pumps,Final Product,Final Product,750.3549999999998,14324.679,-13574.324,Brazil
2020,BRA,Heat Pumps,Raw Material,Upstream,2715596.8809999996,500431.93200000003,2215164.9489999996,Brazil
2020,BRA,Heat Pumps,Processed Material,Midstream,2336952.0259999996,167785.62199999997,2169166.4039999996,Brazil
2020,BRA,Heat Pumps,Product Component,Midstream,60288.06899999999,696844.049,-636555.98,Brazil
2020,BRA,Heat Pumps,Process Equipment,Midstream,765.272,31037.513,-30272.240999999998,Brazil
2020,BRA,Heat Pumps,Process Equipment,Downstream,10124.337833333335,23936.497833333327,-13812.159999999993,Brazil
2020,BRA,Magnets,Process Equipment,Downstream,147846.661,664417.423,-516570.762,Brazil
2020,BRA,Magnets,Raw Material,Upstream,2745135.042,500464.18999999994,2244670.852,Brazil
2020,BRA,Magnets,Processed Material,Midstream,1719903.241,153129.55,1566773.6909999999,Brazil
2020,BRA,Magnets,Product Component,Downstream,183.887,5472.1585000000005,-5288.271500000001,Brazil
2020,BRA,Magnets,Final Product,Final Product,470.265,12105.2625,-11634.997500000001,Brazil
2020,BRA,Nuclear,Raw Material,Upstream,31202686.062,516230.694,30686455.368,Brazil
2020,BRA,Nuclear,Processed Material,Midstream,741790.9539999994,164998.86899999998,576792.0849999995,Brazil
2020,BRA,Nuclear,Product Component,Downstream,36915.50950000001,89677.32600000002,-52761.81650000001,Brazil
2020,BRA,Nuclear,Process Equipment,Midstream,3037.084,28494.75,-25457.666,Brazil
2020,BRA,Nuclear,Process Equipment,Downstream,2985.201,14667.734,-11682.533,Brazil
2020,BRA,Nuclear,Final Product,Final Product,206.5305,3719.569,-3513.0385,Brazil
2020,BRA,Nuclear,Processed Material,Upstream,0,23401.198,-23401.198,Brazil
2020,BRA,Solar,Process Equipment,Downstream,123933.39799999997,444947.4479999999,-321014.04999999993,Brazil
2020,BRA,Solar,Raw Material,Upstream,2791887.9609999997,505031.566,2286856.3949999996,Brazil
2020,BRA,Solar,Processed Material,Midstream,2911982.821500001,480422.9,2431559.921500001,Brazil
2020,BRA,Solar,Process Equipment,Midstream,4083.2243333333336,22153.265666666666,-18070.041333333334,Brazil
2020,BRA,Solar,Product Component,Downstream,69012.70400000001,1695172.1924166663,-1626159.4884166664,Brazil
2020,BRA,Solar,Final Product,Final Product,460.5125,292277.06475,-291816.55225,Brazil
2020,BRA,Solar,Product Component,Midstream,307.0083333333333,219083.98549999995,-218776.97716666662,Brazil
2020,BRA,Transmission,Process Equipment,Downstream,152597.6335,676521.4760000005,-523923.8425000005,Brazil
2020,BRA,Transmission,Final Product,Final Product,13593.371999999988,82721.27700000002,-69127.90500000003,Brazil
2020,BRA,Transmission,Raw Material,Upstream,30872164.328,521755.704,30350408.624,Brazil
2020,BRA,Transmission,Processed Material,Midstream,2461454.5270000002,111572.45199999996,2349882.075,Brazil
2020,BRA,Transmission,Process Equipment,Midstream,68120.39700000003,47242.18899999998,20878.20800000005,Brazil
2020,BRA,Transmission,Product Component,Downstream,15311.401000000002,87640.72799999999,-72329.32699999999,Brazil
2020,BRA,Wind,Processed Material,Midstream,3579858.061000003,2293118.7346,1286739.326400003,Brazil
2020,BRA,Wind,Product Component,Midstream,752309.1370000003,3108094.822999999,-2355785.685999999,Brazil
2020,BRA,Wind,Product Component,Downstream,498380.9260000001,1380722.8969999999,-882341.9709999998,Brazil
2020,BRA,Wind,Process Equipment,Downstream,24087.088833333328,197054.53483333334,-172967.446,Brazil
2020,BRA,Wind,Raw Material,Upstream,3102427.3390000006,745115.3509999998,2357311.988000001,Brazil
2020,BRA,Wind,Process Equipment,Midstream,11160.322,63448.106,-52287.784,Brazil
2020,BRA,Wind,Final Product,Final Product,98132.578,43449.9915,54682.5865,Brazil
2021,BRA,Batteries,Product Component,Midstream,251222.25766666658,821563.8426666663,-570341.5849999997,Brazil
2021,BRA,Batteries,Process Equipment,Downstream,270411.4204999995,1215943.8404166666,-945532.419916667,Brazil
2021,BRA,Batteries,Raw Material,Upstream,51076094.76599998,543897.53,50532197.23599998,Brazil
2021,BRA,Batteries,Processed Material,Midstream,3216242.235,910464.7509999999,2305777.484,Brazil
2021,BRA,Batteries,Process Equipment,Midstream,23419.013166666668,55545.324,-32126.310833333333,Brazil
2021,BRA,Batteries,Product Component,Downstream,7596.697333333333,5669.033333333333,1927.6639999999998,Brazil
2021,BRA,Batteries,Final Product,Final Product,1348.602,471019.2975000001,-469670.6955000001,Brazil
2021,BRA,Biofuel,Raw Material,Upstream,960234.36100000015,607237.433,352996.9280000002,Brazil
2021,BRA,Biofuel,Final Product,Final Product,55914.42999999999,9091.627,46822.80299999999,Brazil
2021,BRA,Biofuel,Process Equipment,Downstream,466516.44400000013,1057029.0739999998,-590512.6299999997,Brazil
2021,BRA,Biofuel,Processed Material,Midstream,3269046.2220000005,1963934.5329999994,1305111.6890000012,Brazil
2021,BRA,Biofuel,Process Equipment,Midstream,28509.885000000006,91451.42899999999,-62941.54399999998,Brazil
2021,BRA,Electrolyzers,Product Component,Downstream,429151.8660000002,1357886.3240000005,-928734.4580000003,Brazil
2021,BRA,Electrolyzers,Process Equipment,Downstream,111833.587875,946674.0233968254,-834840.4355218254,Brazil
2021,BRA,Electrolyzers,Processed Material,Midstream,344187.3299999999,1312107.5769999998,-967920.247,Brazil
2021,BRA,Electrolyzers,Raw Material,Upstream,249501.15999999997,259953.12699999998,-10451.967000000004,Brazil
2021,BRA,Electrolyzers,Product Component,Midstream,28953.599,180168.553,-151214.95400000003,Brazil
2021,BRA,Electrolyzers,Process Equipment,Midstream,14251.452499999998,29151.4605,-14900.008000000003,Brazil
2021,BRA,Electrolyzers,Final Product,Final Product,289.03,5557.970499999999,-5268.9405,Brazil
2021,BRA,Geothermal,Product Component,Midstream,274597.09416666656,1522679.741166667,-1248082.6470000006,Brazil
2021,BRA,Geothermal,Product Component,Downstream,207617.72799999994,557257.8899999999,-349640.16199999995,Brazil
2021,BRA,Geothermal,Final Product,Final Product,161283.6379999999,345975.98699999996,-184692.34900000007,Brazil
2021,BRA,Geothermal,Process Equipment,Downstream,80355.20416666666,328307.6201666667,-247952.41600000003,Brazil
2021,BRA,Geothermal,Raw Material,Upstream,50980784.642000005,822209.402,50158575.24,Brazil
2021,BRA,Geothermal,Processed Material,Midstream,1867161.4525,147274.58950000003,1719886.863,Brazil
2021,BRA,Geothermal,Process Equipment,Midstream,9457.945166666666,94282.27716666667,-84824.332,Brazil
2021,BRA,Heat Pumps,Product Component,Downstream,464104.1120000001,1362525.9884999997,-898421.8764999997,Brazil
2021,BRA,Heat Pumps,Raw Material,Upstream,3703479.276999999,430158.51999999996,3273320.756999999,Brazil
2021,BRA,Heat Pumps,Processed Material,Midstream,3024809.6300000004,486168.25099999993,2538641.3790000007,Brazil
2021,BRA,Heat Pumps,Product Component,Midstream,84319.37400000001,971551.5395000003,-887232.1655000004,Brazil
2021,BRA,Heat Pumps,Process Equipment,Midstream,1114.711,19015.549000000003,-17900.838000000003,Brazil
2021,BRA,Heat Pumps,Process Equipment,Downstream,7715.543666666668,30495.18041666668,-22779.636750000012,Brazil
2021,BRA,Heat Pumps,Final Product,Final Product,875.6299999999999,10584.888,-9709.258000000002,Brazil
2021,BRA,Magnets,Process Equipment,Downstream,249865.72799999994,869933.542,-620067.814,Brazil
2021,BRA,Magnets,Processed Material,Midstream,2453506.071,463883.82699999993,1989622.244,Brazil
2021,BRA,Magnets,Raw Material,Upstream,3729096.1359999995,429797.599,3299298.5369999995,Brazil
2021,BRA,Magnets,Product Component,Downstream,64.6735,8718.7555,-8654.081999999999,Brazil
2021,BRA,Magnets,Final Product,Final Product,64.6735,23336.375000000004,-23271.701500000003,Brazil
2021,BRA,Nuclear,Product Component,Downstream,11454.165,108461.79149999999,-97007.62649999998,Brazil
2021,BRA,Nuclear,Raw Material,Upstream,50822746.97299997,537933.3189999999,50284813.65399997,Brazil
2021,BRA,Nuclear,Process Equipment,Downstream,710.7810000000001,34423.897,-33713.115999999995,Brazil
2021,BRA,Nuclear,Processed Material,Midstream,935370.2349999995,273840.429,661529.8059999995,Brazil
2021,BRA,Nuclear,Process Equipment,Midstream,2610.072,39148.475000000006,-36538.403000000006,Brazil
2021,BRA,Nuclear,Processed Material,Upstream,0,29246.756999999998,-29246.756999999998,Brazil
2021,BRA,Nuclear,Final Product,Final Product,0,4979.1345,-4979.1345,Brazil
2021,BRA,Solar,Process Equipment,Downstream,215655.52700000006,592571.6199999996,-376916.0929999996,Brazil
2021,BRA,Solar,Process Equipment,Midstream,6301.140333333335,40553.39666666666,-34252.256333333324,Brazil
2021,BRA,Solar,Processed Material,Midstream,3754169.1625,1033994.661,2720174.5015000002,Brazil
2021,BRA,Solar,Raw Material,Upstream,3766496.330000001,447754.18700000003,3318742.143000001,Brazil
2021,BRA,Solar,Product Component,Downstream,175244.38516666665,3736122.9431666643,-3560878.557999998,Brazil
2021,BRA,Solar,Final Product,Final Product,545.0615,675221.7849999997,-674676.7234999997,Brazil
2021,BRA,Solar,Product Component,Midstream,363.3743333333333,502706.2476666667,-502342.87333333335,Brazil
2021,BRA,Transmission,Process Equipment,Downstream,235955.41766666668,847915.4933333329,-611960.0756666663,Brazil
2021,BRA,Transmission,Final Product,Final Product,11805.809,104754.92499999999,-92949.116,Brazil
2021,BRA,Transmission,Raw Material,Upstream,50542384.829,507634.50100000005,50034750.328,Brazil
2021,BRA,Transmission,Processed Material,Midstream,3034412.06,172226.649,2862185.411,Brazil
2021,BRA,Transmission,Process Equipment,Midstream,67373.267,56105.831999999995,11267.435000000012,Brazil
2021,BRA,Transmission,Product Component,Downstream,15766.888000000003,102470.10100000001,-86703.213,Brazil
2021,BRA,Wind,Processed Material,Midstream,4611206.414899998,3791001.651200001,820204.7636999972,Brazil
2021,BRA,Wind,Product Component,Midstream,1018147.7794999998,4278668.966000001,-3260521.1865000012,Brazil
2021,BRA,Wind,Product Component,Downstream,551890.7559999999,2031965.781,-1480075.025,Brazil
2021,BRA,Wind,Process Equipment,Downstream,30059.607666666663,227976.3174166667,-197916.70975000004,Brazil
2021,BRA,Wind,Raw Material,Upstream,3905002.2359999986,875685.7369999998,3029316.498999999,Brazil
2021,BRA,Wind,Process Equipment,Midstream,6103.509,103308.49299999999,-97204.98399999998,Brazil
2021,BRA,Wind,Final Product,Final Product,79822.205,134986.074,-55163.86899999999,Brazil
2022,BRA,Batteries,Product Component,Midstream,315111.0823333334,1028509.0603333332,-713397.9779999999,Brazil
2022,BRA,Batteries,Process Equipment,Downstream,201778.01500000042,1184528.0971666677,-982750.0821666673,Brazil
2022,BRA,Batteries,Raw Material,Upstream,33932149.460999995,272366.81499999994,33659782.646,Brazil
2022,BRA,Batteries,Processed Material,Midstream,3458845.764999999,1019323.7270000002,2439522.037999999,Brazil
2022,BRA,Batteries,Process Equipment,Midstream,16846.732999999997,56463.41483333333,-39616.681833333336,Brazil
2022,BRA,Batteries,Product Component,Downstream,14923.864666666665,6798.912666666667,8124.9519999999975,Brazil
2022,BRA,Batteries,Final Product,Final Product,1601.7785,284688.19200000004,-283086.4135,Brazil
2022,BRA,Biofuel,Raw Material,Upstream,1139983.3730000004,787990.3939999997,351992.97900000063,Brazil
2022,BRA,Biofuel,Final Product,Final Product,73003.83799999999,9284.960000000001,63718.87799999999,Brazil
2022,BRA,Biofuel,Process Equipment,Downstream,457078.37400000007,969226.5830000001,-512148.20900000003,Brazil
2022,BRA,Biofuel,Process Equipment,Midstream,26112.573,321937.57299999986,-295824.9999999999,Brazil
2022,BRA,Biofuel,Processed Material,Midstream,3522840.948000002,2027813.432,1495027.5160000022,Brazil
2022,BRA,Electrolyzers,Product Component,Downstream,309383.43100000004,1092661.7369999997,-783278.3059999996,Brazil
2022,BRA,Electrolyzers,Process Equipment,Downstream,147874.29899999997,754254.9269999997,-606380.6279999997,Brazil
2022,BRA,Electrolyzers,Processed Material,Midstream,373787.15900000016,1490175.348,-1116388.1889999998,Brazil
2022,BRA,Electrolyzers,Raw Material,Upstream,337685.957,313985.213,23700.744000000006,Brazil
2022,BRA,Electrolyzers,Product Component,Midstream,34953.333,248485.70700000002,-213532.374,Brazil
2022,BRA,Electrolyzers,Process Equipment,Midstream,10650.152999999998,36419.113000000005,-25768.960000000006,Brazil
2022,BRA,Electrolyzers,Final Product,Final Product,894.5665,11462.719000000001,-10568.1525,Brazil
2022,BRA,Geothermal,Product Component,Midstream,342331.21899999975,1781331.5735,-1439000.3545000001,Brazil
2022,BRA,Geothermal,Process Equipment,Downstream,22386.433500000003,234532.72749999998,-212146.29399999997,Brazil
2022,BRA,Geothermal,Process Equipment,Midstream,13189.7785,79160.74449999999,-65970.96599999999,Brazil
2022,BRA,Geothermal,Product Component,Downstream,170959.04400000005,463077.56000000006,-292118.516,Brazil
2022,BRA,Geothermal,Raw Material,Upstream,33898982.35299999,842650.672,33056331.680999994,Brazil
2022,BRA,Geothermal,Final Product,Final Product,172720.5210000001,293783.03099999996,-121062.50999999986,Brazil
2022,BRA,Geothermal,Processed Material,Midstream,2183127.6399999997,168340.04950000002,2014787.5904999997,Brazil
2022,BRA,Heat Pumps,Product Component,Downstream,436990.33850000013,1200074.8535000004,-763084.5150000004,Brazil
2022,BRA,Heat Pumps,Process Equipment,Midstream,1382.9890000000003,18039.980000000003,-16656.991,Brazil
2022,BRA,Heat Pumps,Raw Material,Upstream,3233799.3760000006,159029.239,3074770.1370000006,Brazil
2022,BRA,Heat Pumps,Processed Material,Midstream,3394362.384,249822.166,3144540.218,Brazil
2022,BRA,Heat Pumps,Product Component,Midstream,129216.78750000002,902917.0235000001,-773700.23600000015,Brazil
2022,BRA,Heat Pumps,Final Product,Final Product,587.335,33660.812999999995,-33073.477999999996,Brazil
2022,BRA,Heat Pumps,Process Equipment,Downstream,3997.4429999999998,26339.676,-22342.233,Brazil
2022,BRA,Magnets,Process Equipment,Downstream,170087.94400000005,927003.1920000002,-756915.2480000001,Brazil
2022,BRA,Magnets,Raw Material,Upstream,3267368.013000001,158235.561,3109132.4520000014,Brazil
2022,BRA,Magnets,Processed Material,Midstream,2422698.651,238150.579,2184548.072,Brazil
2022,BRA,Magnets,Product Component,Downstream,299.336,8491.6965,-8192.3605,Brazil
2022,BRA,Magnets,Final Product,Final Product,299.336,26369.101499999993,-26069.765499999994,Brazil
2022,BRA,Nuclear,Raw Material,Upstream,33745988.83099999,265945.85199999996,33480042.978999995,Brazil
2022,BRA,Nuclear,Processed Material,Midstream,1343902.511,211945.96299999996,1131956.548,Brazil
2022,BRA,Nuclear,Product Component,Downstream,39669.73600000001,79662.9975,-39993.261499999986,Brazil
2022,BRA,Nuclear,Process Equipment,Midstream,33254.682,78041.84900000002,-44787.167000000016,Brazil
2022,BRA,Nuclear,Processed Material,Upstream,0,62576.83500000001,-62576.83500000001,Brazil
2022,BRA,Nuclear,Process Equipment,Downstream,0,15552.835,-15552.835,Brazil
2022,BRA,Nuclear,Final Product,Final Product,0,2798.3835,-2798.3835,Brazil
2022,BRA,Solar,Process Equipment,Downstream,142632.86000000007,649948.3900000002,-507315.53000000014,Brazil
2022,BRA,Solar,Processed Material,Midstream,4673837.39,1176973.662,3496863.7279999997,Brazil
2022,BRA,Solar,Raw Material,Upstream,3454309.477,165271.602,3289037.875,Brazil
2022,BRA,Solar,Product Component,Downstream,250135.766,406775.92050000007,-156640.15450000006,Brazil
2022,BRA,Solar,Process Equipment,Midstream,5569.6230000000005,87724.868,-82155.245,Brazil
2022,BRA,Solar,Product Component,Midstream,111.221,34301.137,-34189.916000000005,Brazil
2022,BRA,Solar,Final Product,Final Product,0,3760616.6385000004,-3760616.6385000004,Brazil
2022,BRA,Transmission,Process Equipment,Midstream,78524.716,60955.274000000005,17569.441999999995,Brazil
2022,BRA,Transmission,Process Equipment,Downstream,164353.85499999995,871962.013,-707608.158,Brazil
2022,BRA,Transmission,Raw Material,Upstream,33418585.683,198259.54599999997,33220326.137,Brazil
2022,BRA,Transmission,Processed Material,Midstream,3210005.626,129987.521,3080018.105,Brazil
2022,BRA,Transmission,Final Product,Final Product,15949.934999999998,115916.04999999994,-99966.11499999995,Brazil
2022,BRA,Transmission,Product Component,Downstream,22066.671000000002,120491.40400000004,-98424.73300000004,Brazil
2022,BRA,Wind,Processed Material,Midstream,4773762.229500002,2746473.006,2027289.2235000022,Brazil
2022,BRA,Wind,Product Component,Midstream,1086683.5315000005,4735828.802,-3649145.2704999996,Brazil
2022,BRA,Wind,Product Component,Downstream,425156.7290000001,2285873.687,-1860716.9579999999,Brazil
2022,BRA,Wind,Process Equipment,Downstream,38855.57900000002,208191.50650000002,-169335.9275,Brazil
2022,BRA,Wind,Raw Material,Upstream,3395379.007000001,665039.103,2730339.904000001,Brazil
2022,BRA,Wind,Process Equipment,Midstream,1726.6659999999997,47175.9205,-45449.2545,Brazil
2022,BRA,Wind,Final Product,Final Product,38884.557499999995,72145.76499999998,-33261.20749999999,Brazil
2023,BRA,Batteries,Product Component,Midstream,283521.8480000002,884908.848,-601386.9999999998,Brazil
2023,BRA,Batteries,Process Equipment,Downstream,379310.54183333257,1369701.3730000008,-990390.8311666683,Brazil
2023,BRA,Batteries,Process Equipment,Midstream,21062.202166666673,78466.51500000001,-57404.312833333344,Brazil
2023,BRA,Batteries,Raw Material,Upstream,35755716.52200002,322573.99399999995,35433142.52800002,Brazil
2023,BRA,Batteries,Processed Material,Midstream,2917484.8549999995,799955.267,2117529.5879999995,Brazil
2023,BRA,Batteries,Final Product,Final Product,1231.7565,288967.515,-287735.7585,Brazil
2023,BRA,Batteries,Product Component,Downstream,9745.253999999999,4893.5909999999985,4851.6630000000005,Brazil
2023,BRA,Biofuel,Raw Material,Upstream,1016518.6029999998,641192.0269999999,375326.5759999999,Brazil
2023,BRA,Biofuel,Process Equipment,Downstream,609257.988,964604.2299999999,-355346.24199999985,Brazil
2023,BRA,Biofuel,Process Equipment,Midstream,46930.92600000001,109542.48000000001,-62611.554000000004,Brazil
2023,BRA,Biofuel,Processed Material,Midstream,3027485.6120000007,1737103.8399999999,1290381.7720000008,Brazil
2023,BRA,Biofuel,Final Product,Final Product,224707.40899999996,175.6575,224531.75149999995,Brazil
2023,BRA,Electrolyzers,Product Component,Downstream,537384.8460000004,1141423.0419999997,-604038.1959999993,Brazil
2023,BRA,Electrolyzers,Process Equipment,Downstream,138507.787,750086.3365000003,-611578.5495000003,Brazil
2023,BRA,Electrolyzers,Process Equipment,Midstream,14698.364,48797.18550000001,-34098.821500000005,Brazil
2023,BRA,Electrolyzers,Processed Material,Midstream,340766.054,1192618.3129999998,-851852.2589999998,Brazil
2023,BRA,Electrolyzers,Product Component,Midstream,22795.554,216236.089,-193440.535,Brazil
2023,BRA,Electrolyzers,Final Product,Final Product,4464.8385,26936.1195,-22471.281000000003,Brazil
2023,BRA,Electrolyzers,Raw Material,Upstream,283276.395,351813.4379999999,-68537.04299999989,Brazil
2023,BRA,Geothermal,Product Component,Midstream,319659.2341666666,1596288.3248333335,-1276629.0906666669,Brazil
2023,BRA,Geothermal,Process Equipment,Downstream,31528.446166666676,266996.56183333334,-235468.11566666665,Brazil
2023,BRA,Geothermal,Process Equipment,Midstream,31471.92916666667,75200.63183333335,-43728.70266666668,Brazil
2023,BRA,Geothermal,Final Product,Final Product,156433.40399999998,566957.5980000001,-410524.19400000013,Brazil
2023,BRA,Geothermal,Product Component,Downstream,237305.44199999995,511623.588,-274318.14600000007,Brazil
2023,BRA,Geothermal,Raw Material,Upstream,35751132.65400001,779774.3420000001,34971358.31200001,Brazil
2023,BRA,Geothermal,Processed Material,Midstream,2145695.6285,177548.0075,1968147.621,Brazil
2023,BRA,Heat Pumps,Product Component,Downstream,395902.2010000001,1149251.9250000007,-753349.7240000006,Brazil
2023,BRA,Heat Pumps,Raw Material,Upstream,3924940.746000001,232014.631,3692926.115000001,Brazil
2023,BRA,Heat Pumps,Processed Material,Midstream,2719329.466,270892.1719999999,2448437.294,Brazil
2023,BRA,Heat Pumps,Product Component,Midstream,109418.46999999999,755506.4970000001,-646088.0270000001,Brazil
2023,BRA,Heat Pumps,Process Equipment,Midstream,1502.1939999999997,25750.324000000004,-24248.130000000005,Brazil
2023,BRA,Heat Pumps,Final Product,Final Product,923.5799999999999,21412.338999999996,-20488.759,Brazil
2023,BRA,Heat Pumps,Process Equipment,Downstream,3485.129999999999,28261.637000000002,-24776.507000000005,Brazil
2023,BRA,Magnets,Process Equipment,Downstream,335558.24999999994,1078522.5590000001,-742964.3090000001,Brazil
2023,BRA,Magnets,Processed Material,Midstream,2525667.1410000017,270462.52900000004,2255204.6120000016,Brazil
2023,BRA,Magnets,Raw Material,Upstream,4022035.1010000007,231647.623,3790387.4780000006,Brazil
2023,BRA,Magnets,Product Component,Downstream,298.7585,8233.9725,-7935.214,Brazil
2023,BRA,Magnets,Final Product,Final Product,550.3085000000001,20388.8995,-19838.591,Brazil
2023,BRA,Nuclear,Raw Material,Upstream,35618191.142000005,333017.36299999995,35285173.77900001,Brazil
2023,BRA,Nuclear,Product Component,Downstream,30337.334000000003,127468.14600000004,-97130.81200000003,Brazil
2023,BRA,Nuclear,Processed Material,Midstream,1037241.9259999999,189910.41100000002,847331.5149999999,Brazil
2023,BRA,Nuclear,Process Equipment,Midstream,4711.294,78167.98200000002,-73456.68800000002,Brazil
2023,BRA,Nuclear,Process Equipment,Downstream,298.801,16591.565,-16292.764,Brazil
2023,BRA,Nuclear,Processed Material,Upstream,336.389,54469.967,-54133.577999999994,Brazil
2023,BRA,Nuclear,Final Product,Final Product,0,5690.830999999999,-5690.830999999999,Brazil
2023,BRA,Solar,Processed Material,Midstream,3605013.0789999994,823704.1950000001,2781308.8839999996,Brazil
2023,BRA,Solar,Process Equipment,Downstream,291234.33199999953,796060.3060000004,-504825.9740000009,Brazil
2023,BRA,Solar,Process Equipment,Midstream,7715.043999999999,60033.412000000004,-52318.368,Brazil
2023,BRA,Solar,Raw Material,Upstream,4206569.347999999,240109.91400000002,3966459.4339999994,Brazil
2023,BRA,Solar,Product Component,Downstream,66660.34799999998,420379.87649999995,-353719.52849999996,Brazil
2023,BRA,Solar,Product Component,Midstream,705.886,18426.384,-17720.498,Brazil
2023,BRA,Solar,Final Product,Final Product,480.242,3942218.1845000004,-3941737.9425000004,Brazil
2023,BRA,Transmission,Process Equipment,Midstream,89740.65500000001,46284.65299999998,43456.00200000004,Brazil
2023,BRA,Transmission,Process Equipment,Downstream,326846.195,1016030.6900000002,-689184.4950000001,Brazil
2023,BRA,Transmission,Raw Material,Upstream,35340491.24400002,298171.353,35042319.89100002,Brazil
2023,BRA,Transmission,Product Component,Downstream,26899.529000000002,123688.134,-96788.60500000001,Brazil
2023,BRA,Transmission,Processed Material,Midstream,2724858.692999999,111923.49599999998,2612935.196999999,Brazil
2023,BRA,Transmission,Final Product,Final Product,32207.511999999995,79207.74999999999,-47000.23799999999,Brazil
2023,BRA,Wind,Product Component,Midstream,1232860.9739999988,4795712.8905,-3562851.916500001,Brazil
2023,BRA,Wind,Processed Material,Midstream,4490256.796999996,2115294.0765,2374962.7204999956,Brazil
2023,BRA,Wind,Product Component,Downstream,416288.14099999995,1830532.6779999998,-1414244.537,Brazil
2023,BRA,Wind,Process Equipment,Downstream,36251.287,201855.2035,-165603.9165,Brazil
2023,BRA,Wind,Raw Material,Upstream,4121867.6490000007,751019.6939999999,3370847.955000001,Brazil
2023,BRA,Wind,Process Equipment,Midstream,1366.417,54076.125499999995,-52709.70849999999,Brazil
2023,BRA,Wind,Final Product,Final Product,1427.8145,52143.98100000001,-50716.16650000001,Brazil
2024,BRA,Batteries,Product Component,Midstream,290206.759,1084916.2413333333,-794709.4823333332,Brazil
2024,BRA,Batteries,Process Equipment,Downstream,433112.09050000075,1533566.2398333345,-1100454.1493333336,Brazil
2024,BRA,Batteries,Raw Material,Upstream,36028666.144,27487.062,36001179.082,Brazil
2024,BRA,Batteries,Processed Material,Midstream,3582526.1070000003,979498.3010000002,2603027.806,Brazil
2024,BRA,Batteries,Process Equipment,Midstream,26120.1825,70486.15316666666,-44365.97066666666,Brazil
2024,BRA,Batteries,Final Product,Final Product,3184.0949999999993,339831.16500000004,-336647.07000000007,Brazil
2024,BRA,Batteries,Product Component,Downstream,6579.997999999999,8609.576666666666,-2029.5786666666672,Brazil
2024,BRA,Biofuel,Final Product,Final Product,234988.503,319.368,234669.135,Brazil
2024,BRA,Biofuel,Process Equipment,Downstream,837049.0260000001,1320493.0190000003,-483443.99300000025,Brazil
2024,BRA,Biofuel,Process Equipment,Midstream,68287.318,262007.07499999998,-193719.75699999998,Brazil
2024,BRA,Biofuel,Raw Material,Upstream,911598.3100000003,764700.8270000003,146897.483,Brazil
2024,BRA,Biofuel,Processed Material,Midstream,3805234.436,1970885.4899999998,1834348.9460000005,Brazil
2024,BRA,Electrolyzers,Product Component,Downstream,750796.7030000002,1483142.3870000006,-732345.6840000004,Brazil
2024,BRA,Electrolyzers,Processed Material,Midstream,308465.519,1385342.105,-1076876.5860000001,Brazil
2024,BRA,Electrolyzers,Process Equipment,Downstream,186532.95899999992,885695.1769999999,-699162.218,Brazil
2024,BRA,Electrolyzers,Product Component,Midstream,39744.006,228393.48100000003,-188649.47500000003,Brazil
2024,BRA,Electrolyzers,Process Equipment,Midstream,18643.326,40167.656,-21524.33,Brazil
2024,BRA,Electrolyzers,Raw Material,Upstream,263081.51200000005,400675.404,-137593.89199999993,Brazil
2024,BRA,Electrolyzers,Final Product,Final Product,1557.3825000000002,41575.53,-40018.1475,Brazil
2024,BRA,Geothermal,Product Component,Midstream,306734.6520000002,1734374.559,-1427639.9069999997,Brazil
2024,BRA,Geothermal,Product Component,Downstream,274179.67000000004,545561.173,-271381.5029999999,Brazil
2024,BRA,Geothermal,Final Product,Final Product,252580.07200000001,482379.2300000001,-229799.15800000008,Brazil
2024,BRA,Geothermal,Process Equipment,Downstream,32650.689000000002,337039.0580000001,-304388.36900000006,Brazil
2024,BRA,Geothermal,Raw Material,Upstream,36025766.286,366640.57200000004,35659125.714,Brazil
2024,BRA,Geothermal,Processed Material,Midstream,1536383.3979999998,153021.116,1383362.282,Brazil
2024,BRA,Geothermal,Process Equipment,Midstream,28685.741,119576.90199999999,-90891.161,Brazil
2024,BRA,Heat Pumps,Product Component,Downstream,415310.93300000025,1641119.1639999999,-1225808.2309999997,Brazil
2024,BRA,Heat Pumps,Raw Material,Upstream,4644281.085000002,9448.483,4634832.602000002,Brazil
2024,BRA,Heat Pumps,Processed Material,Midstream,3403697.508000001,388568.26,3015129.2480000006,Brazil
2024,BRA,Heat Pumps,Product Component,Midstream,123434.45599999999,1004173.5360000002,-880739.0800000002,Brazil
2024,BRA,Heat Pumps,Process Equipment,Midstream,1382.147,22207.096,-20824.949,Brazil
2024,BRA,Heat Pumps,Final Product,Final Product,1427.334,50882.077,-49454.742999999995,Brazil
2024,BRA,Heat Pumps,Process Equipment,Downstream,2851.615,26057.770999999997,-23206.155999999995,Brazil
2024,BRA,Magnets,Process Equipment,Downstream,374683.42400000006,1240538.1239999998,-865854.6999999997,Brazil
2024,BRA,Magnets,Raw Material,Upstream,4681887.717000001,7010.717000000001,4674877.000000001,Brazil
2024,BRA,Magnets,Processed Material,Midstream,2636132.4959999993,398119.402,2238013.0939999996,Brazil
2024,BRA,Magnets,Product Component,Downstream,213.6755,11018.079,-10804.4035,Brazil
2024,BRA,Magnets,Final Product,Final Product,213.6755,21735.894,-21522.2185,Brazil
2024,BRA,Nuclear,Product Component,Downstream,31144.550000000003,107268.69650000003,-76124.14650000003,Brazil
2024,BRA,Nuclear,Raw Material,Upstream,35861673.46,47307.639,35814365.821,Brazil
2024,BRA,Nuclear,Processed Material,Midstream,712207.2849999999,155828.22500000003,556379.0599999998,Brazil
2024,BRA,Nuclear,Process Equipment,Midstream,7761.584999999999,76586.37400000001,-68824.78900000002,Brazil
2024,BRA,Nuclear,Process Equipment,Downstream,670.759,22504.781,-21834.021999999997,Brazil
2024,BRA,Nuclear,Processed Material,Upstream,0,71954.25499999999,-71954.25499999999,Brazil
2024,BRA,Nuclear,Final Product,Final Product,0,3000.1905,-3000.1905,Brazil
2024,BRA,Solar,Processed Material,Midstream,4133739.3625000003,920867.9384999999,3212871.4240000006,Brazil
2024,BRA,Solar,Process Equipment,Downstream,329780.0529999998,914305.9459999999,-584525.8930000002,Brazil
2024,BRA,Solar,Process Equipment,Midstream,7134.279,50352.52,-43218.240999999995,Brazil
2024,BRA,Solar,Raw Material,Upstream,4743554.373000001,12953.48,4730600.893,Brazil
2024,BRA,Solar,Product Component,Downstream,61333.35549999999,569436.064,-508102.7085,Brazil
2024,BRA,Solar,Final Product,Final Product,361.202,2841403.7625,-2841042.5605,Brazil
2024,BRA,Solar,Product Component,Midstream,0,18647.752,-18647.752,Brazil
2024,BRA,Transmission,Process Equipment,Downstream,392915.475,1139038.0679999995,-746122.5929999995,Brazil
2024,BRA,Transmission,Raw Material,Upstream,35684343.553,7190.478000000001,35677153.075,Brazil
2024,BRA,Transmission,Product Component,Downstream,24539.382,153208.29300000006,-128668.91100000007,Brazil
2024,BRA,Transmission,Processed Material,Midstream,3410358.907000001,106354.30700000002,3304004.600000001,Brazil
2024,BRA,Transmission,Process Equipment,Midstream,97817.043,63876.31299999997,33940.73000000003,Brazil
2024,BRA,Transmission,Final Product,Final Product,35834.66299999999,135288.19399999996,-99453.53099999996,Brazil
2024,BRA,Wind,Product Component,Midstream,1244089.3519999997,5333152.765499999,-4089063.413499999,Brazil
2024,BRA,Wind,Processed Material,Midstream,5433682.084000001,2492039.1655,2941642.9185000006,Brazil
2024,BRA,Wind,Product Component,Downstream,421450.581,1532727.9649999999,-1111277.3839999998,Brazil
2024,BRA,Wind,Process Equipment,Downstream,42295.19499999999,226190.52249999996,-183895.32749999996,Brazil
2024,BRA,Wind,Process Equipment,Midstream,1676.4039999999998,73534.73049999999,-71858.3265,Brazil
2024,BRA,Wind,Raw Material,Upstream,4957986.968000001,544166.6999999998,4413820.268000001,Brazil
2024,BRA,Wind,Final Product,Final Product,4850.169,198112.70500000002,-193262.53600000002,Brazil
