tech,code,name,role,stage,position,step,hs_rev_canonical,split_weight,codename,nace4,naics6_nace,naics6,naics6_all,naics_n_mapped
Batteries,250410,AAM; Natural Graphite,Raw Material,Upstream,Upstream | Raw Material,1,HS22,1,250410 | AAM; Natural Graphite,0891,212323,327992,327992,1
Batteries,251020,Phosphate Ore,Raw Material,Upstream,Upstream | Raw Material,1,HS22,1,251020 | Phosphate Ore,0891,212323,212390,212390,1
Batteries,260111,Iron Ore (Non- Agglomerated),Raw Material,Upstream,Upstream | Raw Material,1,HS22,1,260111 | Iron Ore (Non- Agglomerated),0710,212210,212210,212210,1
Batteries,260112,Iron Ore (Agglomerated),Raw Material,Upstream,Upstream | Raw Material,1,HS22,1,260112 | Iron Ore (Agglomerated),0710,212210,212210,212210,1
Batteries,260120,Iron (Roasted Iron Pyrites),Raw Material,Upstream,Upstream | Raw Material,1,HS22,1,260120 | Iron (Roasted Iron Pyrites),2013,325180,331110,331110,1
Batteries,260200,Manganese Ore,Raw Material,Upstream,Upstream | Raw Material,1,HS22,1,260200 | Manganese Ore,0729,212290,212290,212290,1
Batteries,260300,Copper Ore,Raw Material,Upstream,Upstream | Raw Material,1,HS22,1,260300 | Copper Ore,0729,212290,212230,212230,1
Batteries,260400,Nickel Ore,Raw Material,Upstream,Upstream | Raw Material,1,HS22,1,260400 | Nickel Ore,0729,212290,212230,212230,1
Batteries,260500,Cobalt Ore,Raw Material,Upstream,Upstream | Raw Material,1,HS22,1,260500 | Cobalt Ore,0729,212290,212290,212290,1
Batteries,260600,Bauxite Ore,Raw Material,Upstream,Upstream | Raw Material,1,HS22,1,260600 | Bauxite Ore,0729,212290,212290,212290,1
Batteries,280519,Lithium,Raw Material,Upstream,Upstream | Raw Material,1,HS07,1,280519 | Lithium,2013,325180,325180,325180,1
Batteries,281820,Current Collector; Alumina,Processed Material,Midstream,Midstream | Processed Material,2,HS22,1,281820 | Current Collector; Alumina,2442,331313,331313,331313,1
Batteries,282010,CAM; Manganese Dioxide,Processed Material,Midstream,Midstream | Processed Material,2,HS22,1,282010 | CAM; Manganese Dioxide,2012,325180,325180,325180,1
Batteries,282090,CAM; Manganese Oxides,Processed Material,Midstream,Midstream | Processed Material,2,HS22,1,282090 | CAM; Manganese Oxides,2012,325180,325180,325180,1
Batteries,282200,"CAM; Electrolytic Cobalt, LCO (Lithium Cobalt Oxide)",Processed Material,Midstream,Midstream | Processed Material,2,HS22,1,"282200 | CAM; Electrolytic Cobalt, LCO (Lithium Cobalt Oxide)",2012,325180,325180,325180,1
Batteries,282510,CAM; Inorganic Salts,Processed Material,Midstream,Midstream | Processed Material,2,HS22,1,282510 | CAM; Inorganic Salts,2013,325180,325180,325180,1
Batteries,282520,CAM; Lithium Hydroxide,Processed Material,Midstream,Midstream | Processed Material,2,HS22,1,282520 | CAM; Lithium Hydroxide,2012,325180,325180,325180,1
Batteries,282540,CAM; NMC (Nickel Manganese Cobalt Oxide),Processed Material,Midstream,Midstream | Processed Material,2,HS22,1,282540 | CAM; NMC (Nickel Manganese Cobalt Oxide),2012,325180,325180,325180,1
Batteries,282619,Materials Battery Chemistry; Fluorides of metals,Processed Material,Midstream,Midstream | Processed Material,2,HS12,1,282619 | Materials Battery Chemistry; Fluorides of metals,2013,325180,325180,325180,1
Batteries,282690,Electrolyte; Lithium HexafluoroPhosphate,Processed Material,Midstream,Midstream | Processed Material,2,HS12,1,282690 | Electrolyte; Lithium HexafluoroPhosphate,2013,325180,325180,325180,1
Batteries,283324,CAM; Nickel Sulfate,Processed Material,Midstream,Midstream | Processed Material,2,HS22,1,283324 | CAM; Nickel Sulfate,2013,325180,325180,325180,1
Batteries,283329,CAM Cobalt Sulfate,Processed Material,Midstream,Midstream | Processed Material,2,HS12,1,283329 | CAM Cobalt Sulfate,2013,325180,325180,325180,1
Batteries,283529,CAM; LFP (Lithium Iron Phosphate),Processed Material,Midstream,Midstream | Processed Material,2,HS12,1,283529 | CAM; LFP (Lithium Iron Phosphate),2013,325180,325180,325180;325312,2
Batteries,283691,CAM; Lithium Carbonate,Processed Material,Midstream,Midstream | Processed Material,2,HS22,1,283691 | CAM; Lithium Carbonate,2013,325180,325180,325180,1
Batteries,283699,CAM; Cobalt Carbonate,Processed Material,Midstream,Midstream | Processed Material,2,HS12,1,283699 | CAM; Cobalt Carbonate,2013,325180,325180,325180;325311,2
Batteries,284290,"Lithium Cathode Pre Cursor (LFP, NMC, NCA)",Processed Material,Midstream,Midstream | Processed Material,2,HS12,1,"284290 | Lithium Cathode Pre Cursor (LFP, NMC, NCA)",2013,325180,325180,325180,1
Batteries,285390,CAM; Nickel Cobalt Manganese Composite Hydroxide,Processed Material,Midstream,Midstream | Processed Material,2,HS22,1,285390 | CAM; Nickel Cobalt Manganese Composite Hydroxide,20112013,325180,325180,325180,1
Batteries,290121,Ethylene,Raw Material,Upstream,Upstream | Raw Material,1,HS22,1,290121 | Ethylene,2014,325199,325110,325110,1
Batteries,290122,Propylene,Raw Material,Upstream,Upstream | Raw Material,1,HS22,1,290122 | Propylene,2014,325199,325110,325110,1
Batteries,380110,AAM; Artificial Graphite,Processed Material,Midstream,Midstream | Processed Material,2,HS22,1,380110 | AAM; Artificial Graphite,2399,327999,327999,327999,1
Batteries,380190,AAM; Spheroidized Graphite,Processed Material,Midstream,Midstream | Processed Material,2,HS22,1,380190 | AAM; Spheroidized Graphite,2399,327999,335991,335991,1
Batteries,382490,Electrolyte,Product Component,Midstream,Midstream | Product Component,2,HS17,1,382490 | Electrolyte,NA,NA,NA,NA,NA
Batteries,382499,Electrolyte,Product Component,Midstream,Midstream | Product Component,2,HS22,1,382499 | Electrolyte,2059,325180,325199,325199;327999;325194;325998,4
Batteries,390210,Separator; Polypropylene,Processed Material,Midstream,Midstream | Processed Material,2,HS22,1,390210 | Separator; Polypropylene,2016,325211,325211,325211,1
Batteries,390760,Separator; Polyethylene,Processed Material,Midstream,Midstream | Processed Material,2,HS12,1,390760 | Separator; Polyethylene,NA,NA,NA,NA,NA
Batteries,391000,Separator; Silicone,Processed Material,Midstream,Midstream | Processed Material,2,HS22,1,391000 | Separator; Silicone,2016,325211,325212,325212,1
Batteries,391910,Separator,Product Component,Midstream,Midstream | Product Component,2,HS22,1,391910 | Separator,2229,322220,322220,322220,1
Batteries,392010,"Separator; Polymers of Ethylene, Non-Cellular",Processed Material,Midstream,Midstream | Processed Material,2,HS12,1,"392010 | Separator; Polymers of Ethylene, Non-Cellular",2221,326113,326113,326113,1
Batteries,392020,"Separator; Polymers of Propylene, Non-Cellular",Processed Material,Midstream,Midstream | Processed Material,2,HS12,1,"392020 | Separator; Polymers of Propylene, Non-Cellular",2221,326113,326113,326113,1
Batteries,750110,CAM; Ni Mattes,Processed Material,Midstream,Midstream | Processed Material,2,HS22,1,750110 | CAM; Ni Mattes,2445,331410,331410,331410,1
Batteries,750120,"CAM; Mn Ores and Concentrates, incl Fe Mn Ores and Concentrates with Mn Weighing≥20%",Processed Material,Midstream,Midstream | Processed Material,2,HS22,1,"750120 | CAM; Mn Ores and Concentrates, incl Fe Mn Ores and Concentrates with Mn Weighing≥20%",2445,331410,331410,331410,1
Batteries,760720,Current Collectors (Al),Product Component,Midstream,Midstream | Product Component,2,HS22,1,760720 | Current Collectors (Al),2442,331313,322220,322220,1
Batteries,761699,Battery Casing,Product Component,Midstream,Midstream | Product Component,2,HS22,1,761699 | Battery Casing,2599,332999,332999,332999;331523;332112;332618;337920,5
Batteries,810520,"CAM; Intermediate Products, Smelted by Cobalt Hydrometallurgy",Processed Material,Midstream,Midstream | Processed Material,2,HS07,1,"810520 | CAM; Intermediate Products, Smelted by Cobalt Hydrometallurgy",2445,331410,331491,331491,1
Batteries,811100,CAM; Manganese Powder,Processed Material,Midstream,Midstream | Processed Material,2,HS22,1,811100 | CAM; Manganese Powder,2445,331410,331410,331410,1
Batteries,841939,Electrode Production; Drying,Process Equipment,Downstream,Downstream | Process Equipment,3,HS22,0.5,841939 | Electrode Production; Drying,2899,333242,333241,333241;333998,2
Batteries,841939,Electrode Production; Final Drying,Process Equipment,Downstream,Downstream | Process Equipment,3,HS22,0.5,841939 | Electrode Production; Final Drying,2899,333242,333241,333241;333998,2
Batteries,842010,Electrode Production; Calendering,Process Equipment,Downstream,Downstream | Process Equipment,3,HS22,0.5,842010 | Electrode Production; Calendering,2829,333310,333248,333248;333243;333998,3
Batteries,842010,Separator Production; Rolling,Process Equipment,Midstream,Midstream | Process Equipment,2,HS22,0.5,842010 | Separator Production; Rolling,2829,333310,333248,333248;333243;333998,3
Batteries,842119,Electrolyte Production; Centrifugation,Process Equipment,Midstream,Midstream | Process Equipment,2,HS12,1,842119 | Electrolyte Production; Centrifugation,28293250,333998,333998,333998,1
Batteries,842240,Cell Production; Housing Sealing,Process Equipment,Downstream,Downstream | Process Equipment,3,HS07,0.5,842240 | Cell Production; Housing Sealing,2829,333310,333993,333993,1
Batteries,842240,Cell Production; Final Cell Sealing,Process Equipment,Downstream,Downstream | Process Equipment,3,HS07,0.5,842240 | Cell Production; Final Cell Sealing,2829,333310,333993,333993,1
Batteries,842489,Electrode Production; Web Coating,Process Equipment,Downstream,Downstream | Process Equipment,3,HS12,1,842489 | Electrode Production; Web Coating,2829,333310,333912,333912,1
Batteries,845521,Current Collectors; Rolling,Process Equipment,Midstream,Midstream | Process Equipment,2,HS22,1,845521 | Current Collectors; Rolling,2891,333519,333519,333519,1
Batteries,846150,Cell Production; Cut to Single Electrode,Process Equipment,Downstream,Downstream | Process Equipment,3,HS22,1,846150 | Cell Production; Cut to Single Electrode,2841,333517,333517,333517;930000,2
Batteries,846223,Electrode Production; Slitting to Width,Process Equipment,Downstream,Downstream | Process Equipment,3,HS22,1,846223 | Electrode Production; Slitting to Width,2841,333517,333517,333517;930000,2
Batteries,847710,Cell Production; Electrolyte Filling Tempering,Process Equipment,Downstream,Downstream | Process Equipment,3,HS12,1,847710 | Cell Production; Electrolyte Filling Tempering,2896,333248,333248,333248,1
Batteries,847720,Separator; Extruder,Process Equipment,Midstream,Midstream | Process Equipment,2,HS12,1,847720 | Separator; Extruder,2896,333248,333248,333248,1
Batteries,847981,Cell Production; Z Stacking,Process Equipment,Downstream,Downstream | Process Equipment,3,HS22,0.5,847981 | Cell Production; Z Stacking,2899,333242,333519,333519,1
Batteries,847981,Electrode Production; Slitting to Width,Process Equipment,Downstream,Downstream | Process Equipment,3,HS22,0.5,847981 | Electrode Production; Slitting to Width,2899,333242,333519,333519,1
Batteries,847982,Electrode Production; Dry & Wet Mixing,Process Equipment,Downstream,Downstream | Process Equipment,3,HS22,0.3333333333333333,847982 | Electrode Production; Dry & Wet Mixing,2899,333242,333998,333998,1
Batteries,847982,Active Materials Production; Dry & Wet Mixing,Process Equipment,Midstream,Midstream | Process Equipment,2,HS22,0.3333333333333333,847982 | Active Materials Production; Dry & Wet Mixing,2899,333242,333998,333998,1
Batteries,847982,Electrolyte Production; Dry & Wet Mixing,Process Equipment,Midstream,Midstream | Process Equipment,2,HS22,0.3333333333333333,847982 | Electrolyte Production; Dry & Wet Mixing,2899,333242,333998,333998,1
Batteries,847989,Module-Pack Assembly; Module Assembly,Process Equipment,Downstream,Downstream | Process Equipment,3,HS22,0.14285714285714285,847989 | Module-Pack Assembly; Module Assembly,2899,333242,335220,335220;333120;333132;333310;333415;333995;333998;335210;335999,9
Batteries,847989,Module-Pack Assembly; Cooling Integration,Process Equipment,Downstream,Downstream | Process Equipment,3,HS22,0.14285714285714285,847989 | Module-Pack Assembly; Cooling Integration,2899,333242,335220,335220;333120;333132;333310;333415;333995;333998;335210;335999,9
Batteries,847989,Module-Pack Assembly; BMS Integration,Process Equipment,Downstream,Downstream | Process Equipment,3,HS22,0.14285714285714285,847989 | Module-Pack Assembly; BMS Integration,2899,333242,335220,335220;333120;333132;333310;333415;333995;333998;335210;335999,9
Batteries,847989,Module-Pack Assembly; Pack Assembly,Process Equipment,Downstream,Downstream | Process Equipment,3,HS22,0.14285714285714285,847989 | Module-Pack Assembly; Pack Assembly,2899,333242,335220,335220;333120;333132;333310;333415;333995;333998;335210;335999,9
Batteries,847989,Module-Pack Assembly; Vehicle System Integration First Use,Process Equipment,Downstream,Downstream | Process Equipment,3,HS22,0.14285714285714285,847989 | Module-Pack Assembly; Vehicle System Integration First Use,2899,333242,335220,335220;333120;333132;333310;333415;333995;333998;335210;335999,9
Batteries,847989,"Module-Pack Assembly; Second Use, Recycling",Process Equipment,Downstream,Downstream | Process Equipment,3,HS22,0.14285714285714285,"847989 | Module-Pack Assembly; Second Use, Recycling",2899,333242,335220,335220;333120;333132;333310;333415;333995;333998;335210;335999,9
Batteries,847989,Cell Conditioning; Formation,Process Equipment,Downstream,Downstream | Process Equipment,3,HS22,0.14285714285714285,847989 | Cell Conditioning; Formation,2899,333242,335220,335220;333120;333132;333310;333415;333995;333998;335210;335999,9
Batteries,850760,Lithium Ion Electric Accumulators,Final Product,Final Product,Final Product | Final Product,4,HS17,0.5,850760 | Lithium Ion Electric Accumulators,2720,335910,335910,335910,1
Batteries,850760,Lithium Ion Accumulators,Final Product,Final Product,Final Product | Final Product,4,HS22,0.5,850760 | Lithium Ion Accumulators,2720,335910,335910,335910,1
Batteries,850780,Electric Accumulators,Final Product,Final Product,Final Product | Final Product,4,HS22,0.5,850780 | Electric Accumulators,2720,335910,335910,335910,1
Batteries,850790,Parts of Accumulators,Product Component,Downstream,Downstream | Product Component,3,HS22,0.3333333333333333,850790 | Parts of Accumulators,2720,335910,335910,335910,1
Batteries,850790,Current Collectors (Cu),Product Component,Midstream,Midstream | Product Component,2,HS22,0.3333333333333333,850790 | Current Collectors (Cu),2720,335910,335910,335910,1
Batteries,850790,Separator,Product Component,Midstream,Midstream | Product Component,2,HS22,0.3333333333333333,850790 | Separator,2720,335910,335910,335910,1
Batteries,851580,Cell Production; Contacting Terminals,Process Equipment,Downstream,Downstream | Process Equipment,3,HS12,1,851580 | Cell Production; Contacting Terminals,2790,333992,333912,333912;333992,2
Batteries,902780,Cell Conditioning; Physical/Chemical Battery Safety Testing,Process Equipment,Downstream,Downstream | Process Equipment,3,HS17,1,902780 | Cell Conditioning; Physical/Chemical Battery Safety Testing,NA,NA,NA,NA,NA
Batteries,903031,Cell Conditioning; Voltage Testing,Process Equipment,Downstream,Downstream | Process Equipment,3,HS12,1,903031 | Cell Conditioning; Voltage Testing,2651,334515,334515,334515,1
Batteries,903033,Electrode Production; Quality Control,Process Equipment,Downstream,Downstream | Process Equipment,3,HS12,1,903033 | Electrode Production; Quality Control,2651,334515,334515,334515,1
Batteries,903039,Cell Conditioning: Quality Sorting,Process Equipment,Downstream,Downstream | Process Equipment,3,HS12,1,903039 | Cell Conditioning: Quality Sorting,2651,334515,334515,334515,1
Batteries,903089,Cell Conditioning: Battery Cycle Testing,Process Equipment,Downstream,Downstream | Process Equipment,3,HS12,0.5,903089 | Cell Conditioning: Battery Cycle Testing,2651,334515,334515,334515,1
Batteries,903089,Cell Conditioning; Capacitance Testing,Process Equipment,Downstream,Downstream | Process Equipment,3,HS12,0.5,903089 | Cell Conditioning; Capacitance Testing,2651,334515,334515,334515,1
Batteries,903149,Cell Conditioning: Quality Sorting,Process Equipment,Downstream,Downstream | Process Equipment,3,HS12,0.5,903149 | Cell Conditioning: Quality Sorting,2670,333310,333310,333310,1
Batteries,903149,Electrode Production; Quality Control,Process Equipment,Downstream,Downstream | Process Equipment,3,HS12,0.5,903149 | Electrode Production; Quality Control,2670,333310,333310,333310,1
Batteries,903180,Cell Conditioning; Aging,Process Equipment,Downstream,Downstream | Process Equipment,3,HS22,0.3333333333333333,903180 | Cell Conditioning; Aging,2651,334515,334515,334515,1
Batteries,903180,Cell Conditioning: Quality Sorting,Process Equipment,Downstream,Downstream | Process Equipment,3,HS22,0.3333333333333333,903180 | Cell Conditioning: Quality Sorting,2651,334515,334515,334515,1
Batteries,903180,Electrode Production; Quality Control,Process Equipment,Downstream,Downstream | Process Equipment,3,HS22,0.3333333333333333,903180 | Electrode Production; Quality Control,2651,334515,334515,334515,1
Batteries,903190,Electrode Production; Quality Control,Process Equipment,Downstream,Downstream | Process Equipment,3,HS22,1,903190 | Electrode Production; Quality Control,2651,334515,333310,333310,1
Biofuel,121292,Feedstock Input; Sugar Cane,Raw Material,Upstream,Upstream | Raw Material,1,HS17,1,121292 | Feedstock Input; Sugar Cane,0111,111998,111998,111998,1
Biofuel,121300,Feedstock Input; Ag-Waste,Raw Material,Upstream,Upstream | Raw Material,1,HS22,1,121300 | Feedstock Input; Ag-Waste,0111,111998,111998,111998,1
Biofuel,150790,Feedstock Input; Soybean Oil,Raw Material,Upstream,Upstream | Raw Material,1,HS22,1,150790 | Feedstock Input; Soybean Oil,1041,311224,311224,311224;311225,2
Biofuel,151000,Feedstock Input; Other Virgin Oil,Raw Material,Upstream,Upstream | Raw Material,1,HS17,1,151000 | Feedstock Input; Other Virgin Oil,1040,NA,NA,NA,NA
Biofuel,151329,Feedstock Input; Palm Oil,Raw Material,Upstream,Upstream | Raw Material,1,HS22,1,151329 | Feedstock Input; Palm Oil,1041,311224,311224,311224,1
Biofuel,151490,Feedstock Input; Rapeseed Oil,Raw Material,Upstream,Upstream | Raw Material,1,HS02,1,151490 | Feedstock Input; Rapeseed Oil,1040,NA,NA,NA,NA
Biofuel,151521,Feedstock Input: Corn Oil,Raw Material,Upstream,Upstream | Raw Material,1,HS22,1,151521 | Feedstock Input: Corn Oil,1062,311221,311221,311221,1
Biofuel,151529,Feedstock Input: Corn Oil,Raw Material,Upstream,Upstream | Raw Material,1,HS22,1,151529 | Feedstock Input: Corn Oil,1062,311221,311221,311221,1
Biofuel,151610,Feedstock Input; Tallow,Raw Material,Upstream,Upstream | Raw Material,1,HS22,1,151610 | Feedstock Input; Tallow,1041,311224,311225,311225,1
Biofuel,220720,Ethyl Alcohol (Denatured),Final Product,Final Product,Final Product | Final Product,4,HS22,0.5,220720 | Ethyl Alcohol (Denatured),2014,325199,325193,325193,1
Biofuel,220720,Ethyl Alcohol - Industrial Use,Final Product,Final Product,Final Product | Final Product,4,HS22,0.5,220720 | Ethyl Alcohol - Industrial Use,2014,325199,325193,325193,1
Biofuel,252220,CO2 Reduction (Liquid); Slaking Lime,Raw Material,Upstream,Upstream | Raw Material,1,HS22,1,252220 | CO2 Reduction (Liquid); Slaking Lime,2352,327410,327410,327410,1
Biofuel,260400,Nickel Ore,Raw Material,Upstream,Upstream | Raw Material,1,HS22,1,260400 | Nickel Ore,0729,212290,212230,212230,1
Biofuel,260500,Cobalt Ore,Raw Material,Upstream,Upstream | Raw Material,1,HS22,1,260500 | Cobalt Ore,0729,212290,212290,212290,1
Biofuel,260600,Aluminum Ore (Bauxite),Raw Material,Upstream,Upstream | Raw Material,1,HS22,1,260600 | Aluminum Ore (Bauxite),0729,212290,212290,212290,1
Biofuel,261100,Tungsten Ore,Raw Material,Upstream,Upstream | Raw Material,1,HS22,1,261100 | Tungsten Ore,0729,212290,212290,212290,1
Biofuel,261310,Molybdenum Ore,Raw Material,Upstream,Upstream | Raw Material,1,HS22,1,261310 | Molybdenum Ore,0729,212290,212290,212290,1
Biofuel,261400,Titanium Ore,Raw Material,Upstream,Upstream | Raw Material,1,HS22,1,261400 | Titanium Ore,0729,212290,212290,212290,1
Biofuel,261510,Zirconium Ore,Raw Material,Upstream,Upstream | Raw Material,1,HS22,1,261510 | Zirconium Ore,0729,212290,212290,212290,1
Biofuel,280410,Fuel Input; Hydrogen,Raw Material,Upstream,Upstream | Raw Material,1,HS22,1,280410 | Fuel Input; Hydrogen,2011,325120,325120,325120,1
Biofuel,281121,Fuel Input; CO2,Raw Material,Upstream,Upstream | Raw Material,1,HS22,1,281121 | Fuel Input; CO2,2011,325120,325120,325120,1
Biofuel,281122,CO2 Reduction (Gas); Silica Gels,Processed Material,Midstream,Midstream | Processed Material,2,HS22,1,281122 | CO2 Reduction (Gas); Silica Gels,2013,325180,325180,325180,1
Biofuel,281511,Neutralization/deacidification; Sodium Hydroxide (Lye),Processed Material,Midstream,Midstream | Processed Material,2,HS22,1,281511 | Neutralization/deacidification; Sodium Hydroxide (Lye),2013,325180,325180,325180,1
Biofuel,281820,Alumina Catalyst,Processed Material,Midstream,Midstream | Processed Material,2,HS22,1,281820 | Alumina Catalyst,2442,331313,331313,331313,1
Biofuel,281830,Catalyst Input; Aluminum Hydroxide,Processed Material,Midstream,Midstream | Processed Material,2,HS22,1,281830 | Catalyst Input; Aluminum Hydroxide,2013,325180,325180,325180,1
Biofuel,282200,"Catalyst Input; Cobalt Oxide, Hydroxide",Processed Material,Midstream,Midstream | Processed Material,2,HS22,1,"282200 | Catalyst Input; Cobalt Oxide, Hydroxide",2012,325180,325180,325180,1
Biofuel,282300,Catalyst Input; Titanium Oxides,Processed Material,Midstream,Midstream | Processed Material,2,HS22,1,282300 | Catalyst Input; Titanium Oxides,2012,325180,325130,325130,1
Biofuel,282560,Catalyst Input; Zirconium Dioxide,Processed Material,Midstream,Midstream | Processed Material,2,HS22,1,282560 | Catalyst Input; Zirconium Dioxide,2012,325180,325180,325180,1
Biofuel,282570,"Catalyst Input; Molybdenum Oxide, Dioxide",Processed Material,Midstream,Midstream | Processed Material,2,HS22,1,"282570 | Catalyst Input; Molybdenum Oxide, Dioxide",2012,325180,325180,325180,1
Biofuel,283324,Catalyst Input; Nickel Sulfate,Processed Material,Midstream,Midstream | Processed Material,2,HS22,1,283324 | Catalyst Input; Nickel Sulfate,2013,325180,325180,325180,1
Biofuel,283650,CO2 Reduction (Liquid); CACO3 Pellets,Processed Material,Midstream,Midstream | Processed Material,2,HS22,1,283650 | CO2 Reduction (Liquid); CACO3 Pellets,2013,325180,325180,325180,1
Biofuel,284210,Catalyst HZSM-5 Zeolite,Processed Material,Midstream,Midstream | Processed Material,2,HS17,1,284210 | Catalyst HZSM-5 Zeolite,2013,325180,325180,325180,1
Biofuel,290121,Intermediate Input; Ethylene,Processed Material,Midstream,Midstream | Processed Material,2,HS22,1,290121 | Intermediate Input; Ethylene,2014,325199,325110,325110,1
Biofuel,290511,Intermediate Input; Methanol,Processed Material,Midstream,Midstream | Processed Material,2,HS22,1,290511 | Intermediate Input; Methanol,2014,325199,325199,325199,1
Biofuel,290514,Intermediate Input; Butanol,Processed Material,Midstream,Midstream | Processed Material,2,HS22,1,290514 | Intermediate Input; Butanol,2014,325199,325199,325199,1
Biofuel,291814,Deodorization; Citric Acid,Processed Material,Midstream,Midstream | Processed Material,2,HS22,1,291814 | Deodorization; Citric Acid,2014,325199,325199,325199,1
Biofuel,293290,Catalyst Heteropolyacid,Processed Material,Midstream,Midstream | Processed Material,2,HS92,1,293290 | Catalyst Heteropolyacid,NA,NA,NA,NA,NA
Biofuel,380210,CO2 Reduction (Gas); Activated Carbon,Processed Material,Midstream,Midstream | Processed Material,2,HS22,1,380210 | CO2 Reduction (Gas); Activated Carbon,2059,325180,325998,325998,1
Biofuel,381511,Ni-Catalyst,Processed Material,Midstream,Midstream | Processed Material,2,HS22,1,381511 | Ni-Catalyst,2059,325180,325180,325180,1
Biofuel,381512,Platinum Group Metal Catalyst,Processed Material,Midstream,Midstream | Processed Material,2,HS22,1,381512 | Platinum Group Metal Catalyst,2059,325180,325180,325180,1
Biofuel,381519,"Various Catalysts; Ti-Catalyst, Co-Mo Catalyst, Zi-Catalyst",Processed Material,Midstream,Midstream | Processed Material,2,HS22,1,"381519 | Various Catalysts; Ti-Catalyst, Co-Mo Catalyst, Zi-Catalyst",2059,325180,325180,325180,1
Biofuel,381590,Aluminosilicates,Processed Material,Midstream,Midstream | Processed Material,2,HS22,1,381590 | Aluminosilicates,2059,325180,325180,325180,1
Biofuel,382600,Biodiesel,Final Product,Final Product,Final Product | Final Product,4,HS17,0.5,382600 | Biodiesel,2059,325180,325199,325199,1
Biofuel,382600,Biodiesel,Final Product,Final Product,Final Product | Final Product,4,HS22,0.5,382600 | Biodiesel,2059,325180,325199,325199,1
Biofuel,440110,Feedstock Input; Forestry Product,Raw Material,Upstream,Upstream | Raw Material,1,HS12,1,440110 | Feedstock Input; Forestry Product,0220,NA,NA,NA,NA
Biofuel,440121,Feedstock Input; Forestry Product,Raw Material,Upstream,Upstream | Raw Material,1,HS22,1,440121 | Feedstock Input; Forestry Product,1610,321113,321113,321113,1
Biofuel,440122,Feedstock Input; Forestry Product,Raw Material,Upstream,Upstream | Raw Material,1,HS22,1,440122 | Feedstock Input; Forestry Product,1610,321113,321113,321113,1
Biofuel,440130,Feedstock Input; Wood Waste,Raw Material,Upstream,Upstream | Raw Material,1,HS12,1,440130 | Feedstock Input; Wood Waste,0220,NA,NA,NA,NA
Biofuel,681510,CO2 Reduction (Gas); Carbon Nanotubes,Processed Material,Midstream,Midstream | Processed Material,2,HS17,1,681510 | CO2 Reduction (Gas); Carbon Nanotubes,NA,NA,NA,NA,NA
Biofuel,690220,Catalyst; Al2O3,Processed Material,Midstream,Midstream | Processed Material,2,HS22,1,690220 | Catalyst; Al2O3,2320,327120,327120,327120,1
Biofuel,711011,Platinum Powder,Processed Material,Midstream,Midstream | Processed Material,2,HS22,1,711011 | Platinum Powder,2441,331410,331410,331410,1
Biofuel,711021,Palladium Powder,Processed Material,Midstream,Midstream | Processed Material,2,HS22,1,711021 | Palladium Powder,2441,331410,331410,331410,1
Biofuel,711041,Catalyst Input; Ruthenium,Processed Material,Midstream,Midstream | Processed Material,2,HS22,1,711041 | Catalyst Input; Ruthenium,2441,331410,331410,331410,1
Biofuel,810110,Tungsten Powder,Processed Material,Midstream,Midstream | Processed Material,2,HS22,1,810110 | Tungsten Powder,2445,331410,331492,331492,1
Biofuel,840211,High Pressure Steam Boilers,Process Equipment,Midstream,Midstream | Process Equipment,2,HS22,1,840211 | High Pressure Steam Boilers,2530,332410,332410,332410,1
Biofuel,840420,Condenser,Process Equipment,Midstream,Midstream | Process Equipment,2,HS22,1,840420 | Condenser,2530,332410,332410,332410,1
Biofuel,840490,CO2 Reduction (Gas); Condenser,Process Equipment,Downstream,Downstream | Process Equipment,3,HS22,1,840490 | CO2 Reduction (Gas); Condenser,2530,332410,332410,332410,1
Biofuel,840619,Conveyance of Product; Turbines,Process Equipment,Downstream,Downstream | Process Equipment,3,HS92,1,840619 | Conveyance of Product; Turbines,NA,NA,NA,NA,NA
Biofuel,841381,Conveyance of Product; Pumps,Process Equipment,Downstream,Downstream | Process Equipment,3,HS22,1,841381 | Conveyance of Product; Pumps,2813,333912,333914,333914,1
Biofuel,841410,Vacuum Pumps,Process Equipment,Midstream,Midstream | Process Equipment,2,HS22,1,841410 | Vacuum Pumps,2813,333912,333912,333912,1
Biofuel,841430,Compressor,Process Equipment,Downstream,Downstream | Process Equipment,3,HS22,1,841430 | Compressor,2813,333912,333415,333415;336390,2
Biofuel,841939,Degumming; Vacuum Dryer,Process Equipment,Midstream,Midstream | Process Equipment,2,HS22,1,841939 | Degumming; Vacuum Dryer,2899,333242,333241,333241;333998,2
Biofuel,841940,Production Separation; Atmospheric Distillation Column,Process Equipment,Downstream,Downstream | Process Equipment,3,HS22,1,841940 | Production Separation; Atmospheric Distillation Column,2829,333310,333241,333241;333248,2
Biofuel,841950,Conveyance of Product; Plate Heat Exchangers,Process Equipment,Downstream,Downstream | Process Equipment,3,HS22,1,841950 | Conveyance of Product; Plate Heat Exchangers,2825,333415,332410,332410,1
Biofuel,841989,Catalyst Bed Reactor,Process Equipment,Downstream,Downstream | Process Equipment,3,HS12,1,841989 | Catalyst Bed Reactor,2829,333310,333998,333998;333241;333243;333248;333310,5
Biofuel,841990,Fixed Bed Reactor Internals,Process Equipment,Downstream,Downstream | Process Equipment,3,HS12,1,841990 | Fixed Bed Reactor Internals,2825,333415,333243,333243;333310;333991;333998;339113,5
Biofuel,842119,Centrifuges,Process Equipment,Midstream,Midstream | Process Equipment,2,HS12,1,842119 | Centrifuges,28293250,333998,333998,333998,1
Biofuel,842121,Conveyance of Product; Flash Drums,Process Equipment,Downstream,Downstream | Process Equipment,3,HS22,1,842121 | Conveyance of Product; Flash Drums,2829,333310,333310,333310,1
Biofuel,842139,Vapor-liquid Separator,Process Equipment,Downstream,Downstream | Process Equipment,3,HS22,1,842139 | Vapor-liquid Separator,2825,333415,333413,333413;333998,2
Electrolyzers,260400,Nickel Ore,Raw Material,Upstream,Upstream | Raw Material,1,HS22,1,260400 | Nickel Ore,0729,212290,212230,212230,1
Electrolyzers,260500,Cobalt Ore,Raw Material,Upstream,Upstream | Raw Material,1,HS22,1,260500 | Cobalt Ore,0729,212290,212290,212290,1
Electrolyzers,261100,Tungsten Ore,Raw Material,Upstream,Upstream | Raw Material,1,HS22,1,261100 | Tungsten Ore,0729,212290,212290,212290,1
Electrolyzers,261310,Molybdenum Ore (Roasted),Raw Material,Upstream,Upstream | Raw Material,1,HS22,1,261310 | Molybdenum Ore (Roasted),0729,212290,212290,212290,1
Electrolyzers,261390,Molybdenum Ore,Raw Material,Upstream,Upstream | Raw Material,1,HS22,1,261390 | Molybdenum Ore,0729,212290,212290,212290,1
Electrolyzers,261400,Titanium Ore,Raw Material,Upstream,Upstream | Raw Material,1,HS22,1,261400 | Titanium Ore,0729,212290,212290,212290,1
Electrolyzers,282200,Catalyst; Cobalt Oxide / Hydroxides,Processed Material,Midstream,Midstream | Processed Material,2,HS22,1,282200 | Catalyst; Cobalt Oxide / Hydroxides,2012,325180,325180,325180,1
Electrolyzers,282300,Diffusion Layer; Titanium Oxide,Processed Material,Midstream,Midstream | Processed Material,2,HS22,1,282300 | Diffusion Layer; Titanium Oxide,2012,325180,325130,325130,1
Electrolyzers,283324,Catalyst; Nickel Sulfate,Processed Material,Midstream,Midstream | Processed Material,2,HS22,1,283324 | Catalyst; Nickel Sulfate,2013,325180,325180,325180,1
Electrolyzers,283329,Cobalt Sulfate,Processed Material,Midstream,Midstream | Processed Material,2,HS12,1,283329 | Cobalt Sulfate,2013,325180,325180,325180,1
Electrolyzers,283699,Cobalt Carbonate,Processed Material,Midstream,Midstream | Processed Material,2,HS12,1,283699 | Cobalt Carbonate,2013,325180,325180,325180;325311,2
Electrolyzers,284330,Bi-Polar Plate; Gold,Processed Material,Midstream,Midstream | Processed Material,2,HS22,0.5,284330 | Bi-Polar Plate; Gold,2013,325180,325180,325180,1
Electrolyzers,284330,Diffusion Layer; Gold,Processed Material,Midstream,Midstream | Processed Material,2,HS22,0.5,284330 | Diffusion Layer; Gold,2013,325180,325180,325180,1
Electrolyzers,381511,"Cathode, Anode Catalyst",Product Component,Midstream,Midstream | Product Component,2,HS22,1,"381511 | Cathode, Anode Catalyst",2059,325180,325180,325180,1
Electrolyzers,381512,"Cathode, Anode Catalyst",Product Component,Midstream,Midstream | Product Component,2,HS22,1,"381512 | Cathode, Anode Catalyst",2059,325180,325180,325180,1
Electrolyzers,390130,Diaphragm; Ethylene Polymer,Processed Material,Midstream,Midstream | Processed Material,2,HS22,1,390130 | Diaphragm; Ethylene Polymer,2016,325211,325211,325211,1
Electrolyzers,390190,Diaphragm; Ethylene Polymer,Processed Material,Midstream,Midstream | Processed Material,2,HS22,1,390190 | Diaphragm; Ethylene Polymer,2016,325211,325211,325211;325212,2
Electrolyzers,390230,Diaphragm; Propylene Polymer,Processed Material,Midstream,Midstream | Processed Material,2,HS22,1,390230 | Diaphragm; Propylene Polymer,2016,325211,325211,325211,1
Electrolyzers,390290,Diaphragm; Propylene Polymer,Processed Material,Midstream,Midstream | Processed Material,2,HS22,1,390290 | Diaphragm; Propylene Polymer,2016,325211,325211,325211,1
Electrolyzers,391000,Gasket; Silicone,Processed Material,Midstream,Midstream | Processed Material,2,HS22,1,391000 | Gasket; Silicone,2016,325211,325212,325212,1
Electrolyzers,391400,Ion Exchange Membrane,Product Component,Downstream,Downstream | Product Component,3,HS22,1,391400 | Ion Exchange Membrane,2016,325211,325211,325211,1
Electrolyzers,400270,Gasket; Ethylene Propylene Diene Rubber (EPDM),Processed Material,Midstream,Midstream | Processed Material,2,HS22,1,400270 | Gasket; Ethylene Propylene Diene Rubber (EPDM),2017,325212,325212,325212,1
Electrolyzers,711011,Catalyst; Platinum,Processed Material,Midstream,Midstream | Processed Material,2,HS22,1,711011 | Catalyst; Platinum,2441,331410,331410,331410,1
Electrolyzers,711021,Catalyst; Palladium,Processed Material,Midstream,Midstream | Processed Material,2,HS22,1,711021 | Catalyst; Palladium,2441,331410,331410,331410,1
Electrolyzers,711041,Catalyst; Iridium,Processed Material,Midstream,Midstream | Processed Material,2,HS22,1,711041 | Catalyst; Iridium,2441,331410,331410,331410,1
Electrolyzers,810110,Catalyst; Tungsten,Processed Material,Midstream,Midstream | Processed Material,2,HS22,1,810110 | Catalyst; Tungsten,2445,331410,331492,331492,1
Electrolyzers,810210,Catalyst; Molybdenum,Processed Material,Midstream,Midstream | Processed Material,2,HS22,1,810210 | Catalyst; Molybdenum,2445,331410,331492,331492,1
Electrolyzers,820730,Bi-Polar Plate; Stamping Die,Process Equipment,Downstream,Downstream | Process Equipment,3,HS22,1,820730 | Bi-Polar Plate; Stamping Die,2573,333514,333514,333514;333515,2
Electrolyzers,841370,Centrifugal Pumps,Product Component,Downstream,Downstream | Product Component,3,HS22,1,841370 | Centrifugal Pumps,2813,333912,333914,333914,1
Electrolyzers,841490,"Pumps, Compressors, etc. Parts",Product Component,Downstream,Downstream | Product Component,3,HS22,1,"841490 | Pumps, Compressors, etc. Parts",2813,333912,333912,333912;333413;333415;335210,4
Electrolyzers,841861,Compression Refrigeration Equipment,Product Component,Downstream,Downstream | Product Component,3,HS22,1,841861 | Compression Refrigeration Equipment,2825,333415,333415,333415,1
Electrolyzers,841869,Freezing Equipment,Product Component,Downstream,Downstream | Product Component,3,HS22,1,841869 | Freezing Equipment,2825,333415,333415,333415,1
Electrolyzers,841899,Freezing Equipment Parts,Product Component,Downstream,Downstream | Product Component,3,HS22,1,841899 | Freezing Equipment Parts,2825,333415,333415,333415;335220,2
Electrolyzers,841939,Catalyst Coated Membrane Production; Dryer  (Anode),Process Equipment,Downstream,Downstream | Process Equipment,3,HS22,0.5,841939 | Catalyst Coated Membrane Production; Dryer  (Anode),2899,333242,333241,333241;333998,2
Electrolyzers,841939,Catalyst Coated Membrane Production; Dryer  (Cathode),Process Equipment,Downstream,Downstream | Process Equipment,3,HS22,0.5,841939 | Catalyst Coated Membrane Production; Dryer  (Cathode),2899,333242,333241,333241;333998,2
Electrolyzers,841950,Heat Exchange Units,Product Component,Downstream,Downstream | Product Component,3,HS22,1,841950 | Heat Exchange Units,2825,333415,332410,332410,1
Electrolyzers,841990,"Industrial Heating/cooling, Parts",Product Component,Downstream,Downstream | Product Component,3,HS12,1,"841990 | Industrial Heating/cooling, Parts",2825,333415,333243,333243;333310;333991;333998;339113,5
Electrolyzers,842121,Water Filtering Machines,Product Component,Downstream,Downstream | Product Component,3,HS22,1,842121 | Water Filtering Machines,2829,333310,333310,333310,1
Electrolyzers,842139,Gas Filtering Machinery,Product Component,Downstream,Downstream | Product Component,3,HS22,1,842139 | Gas Filtering Machinery,2825,333415,333413,333413;333998,2
Electrolyzers,842489,Catalyst Coated Membrane Production; Web Coating  (Anode),Process Equipment,Downstream,Downstream | Process Equipment,3,HS12,0.5,842489 | Catalyst Coated Membrane Production; Web Coating  (Anode),2829,333310,333912,333912,1
Electrolyzers,842489,Catalyst Coated Membrane Production; Web Coating  (Cathode),Process Equipment,Downstream,Downstream | Process Equipment,3,HS12,0.5,842489 | Catalyst Coated Membrane Production; Web Coating  (Cathode),2829,333310,333912,333912,1
Electrolyzers,844319,Gasket Production; Screen Printing,Process Equipment,Downstream,Downstream | Process Equipment,3,HS12,1,844319 | Gasket Production; Screen Printing,28942899,333248,333248,333248,1
Electrolyzers,845611,Catalyst Coated Membrane Production; Membrane Cutter,Process Equipment,Downstream,Downstream | Process Equipment,3,HS22,1,845611 | Catalyst Coated Membrane Production; Membrane Cutter,2841,333517,333517,333517,1
Electrolyzers,846150,Gasket Production; Die Cutting,Process Equipment,Downstream,Downstream | Process Equipment,3,HS22,1,846150 | Gasket Production; Die Cutting,2841,333517,333517,333517;930000,2
Electrolyzers,846241,Diffusion Layer Production; Blanking (CNC Punch),Process Equipment,Downstream,Downstream | Process Equipment,3,HS17,1,846241 | Diffusion Layer Production; Blanking (CNC Punch),NA,NA,NA,NA,NA
Electrolyzers,846261,Diffusion Layer Production; Metal Compaction,Process Equipment,Downstream,Downstream | Process Equipment,3,HS22,1,846261 | Diffusion Layer Production; Metal Compaction,2841,333517,333517,333517;930000,2
Electrolyzers,847981,Catalyst Coated Membrane Production; Z Fold Coil Winder,Process Equipment,Downstream,Downstream | Process Equipment,3,HS22,1,847981 | Catalyst Coated Membrane Production; Z Fold Coil Winder,2899,333242,333519,333519,1
Electrolyzers,847982,Diffusion Layer Production: Industrial Blender,Process Equipment,Downstream,Downstream | Process Equipment,3,HS22,0.5,847982 | Diffusion Layer Production: Industrial Blender,2899,333242,333998,333998,1
Electrolyzers,847982,Active Materials Production; Industrial Blender,Process Equipment,Midstream,Midstream | Process Equipment,2,HS22,0.5,847982 | Active Materials Production; Industrial Blender,2899,333242,333998,333998,1
Electrolyzers,851430,Diffusion Layer Production; Sintering Furnace,Process Equipment,Downstream,Downstream | Process Equipment,3,HS17,1,851430 | Diffusion Layer Production; Sintering Furnace,NA,NA,NA,NA,NA
Electrolyzers,854330,Electrolyzers,Final Product,Final Product,Final Product | Final Product,4,HS22,0.5,854330 | Electrolyzers,2849,333248,333248,333248,1
Electrolyzers,854370,Bi-Polar Plate; Physical Vapour Deposition,Process Equipment,Downstream,Downstream | Process Equipment,3,HS22,1,854370 | Bi-Polar Plate; Physical Vapour Deposition,2790,333992,335999,335999;333998;334210;334510;334511;335139;339992,7
Electrolyzers,854380,Electrolyzer Assembly; UV curing equipment,Process Equipment,Downstream,Downstream | Process Equipment,3,HS92,1,854380 | Electrolyzer Assembly; UV curing equipment,NA,NA,NA,NA,NA
Electrolyzers,901380,Catalyst Coated Membrane Production; Terahertz Scanner Quality Control,Process Equipment,Downstream,Downstream | Process Equipment,3,HS22,1,901380 | Catalyst Coated Membrane Production; Terahertz Scanner Quality Control,2670,333310,333310,333310,1
Geothermal,250810,Drilling Fluid; Bentonite,Raw Material,Upstream,Upstream | Raw Material,1,HS22,1,250810 | Drilling Fluid; Bentonite,0891,212323,212323,212323,1
Geothermal,252100,Limestone,Raw Material,Upstream,Upstream | Raw Material,1,HS22,1,252100 | Limestone,0811,212319,212319,212319,1
Geothermal,252330,Geothermal Wells; Cement,Processed Material,Midstream,Midstream | Processed Material,2,HS22,1,252330 | Geothermal Wells; Cement,2351,327310,327310,327310,1
Geothermal,252520,Mica,Raw Material,Upstream,Upstream | Raw Material,1,HS22,1,252520 | Mica,0891,212323,327992,327992,1
Geothermal,260111,Iron Ore (Non- Agglomerated),Raw Material,Upstream,Upstream | Raw Material,1,HS22,1,260111 | Iron Ore (Non- Agglomerated),0710,212210,212210,212210,1
Geothermal,260112,Iron Ore (Agglomerated),Raw Material,Upstream,Upstream | Raw Material,1,HS22,1,260112 | Iron Ore (Agglomerated),0710,212210,212210,212210,1
Geothermal,260120,Iron (Roasted Iron Pyrites),Raw Material,Upstream,Upstream | Raw Material,1,HS22,1,260120 | Iron (Roasted Iron Pyrites),2013,325180,331110,331110,1
Geothermal,260200,Manganese Ore,Raw Material,Upstream,Upstream | Raw Material,1,HS22,1,260200 | Manganese Ore,0729,212290,212290,212290,1
Geothermal,260300,Copper Ore,Raw Material,Upstream,Upstream | Raw Material,1,HS22,1,260300 | Copper Ore,0729,212290,212230,212230,1
Geothermal,260400,Nickel Ore,Raw Material,Upstream,Upstream | Raw Material,1,HS22,1,260400 | Nickel Ore,0729,212290,212230,212230,1
Geothermal,260600,Aluminum Ore,Raw Material,Upstream,Upstream | Raw Material,1,HS22,1,260600 | Aluminum Ore,0729,212290,212290,212290,1
Geothermal,261000,Chromium Ore,Raw Material,Upstream,Upstream | Raw Material,1,HS22,1,261000 | Chromium Ore,0729,212290,212290,212290,1
Geothermal,261390,Molybdenum Ore,Raw Material,Upstream,Upstream | Raw Material,1,HS22,1,261390 | Molybdenum Ore,0729,212290,212290,212290,1
Geothermal,261400,Titanium Ore,Raw Material,Upstream,Upstream | Raw Material,1,HS22,1,261400 | Titanium Ore,0729,212290,212290,212290,1
Geothermal,271114,O-Rings; Polymers,Product Component,Midstream,Midstream | Product Component,2,HS22,1,271114 | O-Rings; Polymers,1920,325110,325110,325110,1
Geothermal,283620,Drilling Fluid; Sodium Carbonate,Raw Material,Upstream,Upstream | Raw Material,1,HS22,1,283620 | Drilling Fluid; Sodium Carbonate,2013,325180,325180,325180,1
Geothermal,340399,Lubricants,Product Component,Midstream,Midstream | Product Component,2,HS22,1,340399 | Lubricants,2059,325180,325998,325998,1
Geothermal,390461,O-Rings; PTFE (Polytetrafluoroethylene),Product Component,Midstream,Midstream | Product Component,2,HS22,1,390461 | O-Rings; PTFE (Polytetrafluoroethylene),2016,325211,325211,325211,1
Geothermal,391000,O-Rings; Silicone Rubber,Product Component,Midstream,Midstream | Product Component,2,HS22,1,391000 | O-Rings; Silicone Rubber,2016,325211,325212,325212,1
Geothermal,400249,Mud Hose; Chloroprene rubber,Processed Material,Midstream,Midstream | Processed Material,2,HS22,1,400249 | Mud Hose; Chloroprene rubber,2017,325212,325212,325212,1
Geothermal,400259,O-Rings; HNBR (Hydrogenated Nitrile Rubber),Product Component,Midstream,Midstream | Product Component,2,HS22,0.5,400259 | O-Rings; HNBR (Hydrogenated Nitrile Rubber),2017,325212,325212,325212,1
Geothermal,400259,Mud Hose; Nitrile Rubber,Processed Material,Midstream,Midstream | Processed Material,2,HS22,0.5,400259 | Mud Hose; Nitrile Rubber,2017,325212,325212,325212,1
Geothermal,401693,O-Rings,Product Component,Midstream,Midstream | Product Component,2,HS22,1,401693 | O-Rings,2219,326299,339991,339991,1
Geothermal,710229,Industrial Diamonds,Processed Material,Midstream,Midstream | Processed Material,2,HS22,1,710229 | Industrial Diamonds,3212,212390,212390,212390,1
Geothermal,710510,Diamond Powder,Processed Material,Midstream,Midstream | Processed Material,2,HS22,1,710510 | Diamond Powder,3212,212390,327910,327910,1
Geothermal,720230,Casing; Ferro-manganese,Processed Material,Midstream,Midstream | Processed Material,2,HS22,1,720230 | Casing; Ferro-manganese,2410,331110,331110,331110,1
Geothermal,720249,Casing; Ferro-chromium,Processed Material,Midstream,Midstream | Processed Material,2,HS22,1,720249 | Casing; Ferro-chromium,2410,331110,331110,331110,1
Geothermal,720260,Casing; Ferro-nickel,Processed Material,Midstream,Midstream | Processed Material,2,HS22,1,720260 | Casing; Ferro-nickel,2410,331110,331110,331110,1
Geothermal,720270,Casing; Ferro-molybdenum,Processed Material,Midstream,Midstream | Processed Material,2,HS22,1,720270 | Casing; Ferro-molybdenum,2410,331110,331110,331110,1
Geothermal,720291,Casing; Ferro-titanium,Processed Material,Midstream,Midstream | Processed Material,2,HS22,1,720291 | Casing; Ferro-titanium,2410,331110,331110,331110,1
Geothermal,720610,Casing; Carbon Steel,Processed Material,Midstream,Midstream | Processed Material,2,HS22,1,720610 | Casing; Carbon Steel,2410,331110,331110,331110,1
Geothermal,722410,Casing; Steel Alloy Ignot (Not Stainless),Processed Material,Midstream,Midstream | Processed Material,2,HS22,1,722410 | Casing; Steel Alloy Ignot (Not Stainless),2410,331110,331110,331110,1
Geothermal,722490,Casing; Semi-finished Products of Alloy Steel,Processed Material,Midstream,Midstream | Processed Material,2,HS22,1,722490 | Casing; Semi-finished Products of Alloy Steel,2410,331110,331110,331110,1
Geothermal,730420,Drill Pipes,Product Component,Downstream,Downstream | Product Component,3,HS92,1,730420 | Drill Pipes,NA,NA,NA,NA,NA
Geothermal,730424,Geothermal Pipe (Stainless Steel),Final Product,Final Product,Final Product | Final Product,4,HS12,1,730424 | Geothermal Pipe (Stainless Steel),2420,332996,331210,331210,1
Geothermal,730429,Geothermal Pipe,Final Product,Final Product,Final Product | Final Product,4,HS12,1,730429 | Geothermal Pipe,2420,332996,331110,331110,1
Geothermal,730721,Flanges,Product Component,Midstream,Midstream | Product Component,2,HS22,1,730721 | Flanges,2420,332996,332996,332996,1
Geothermal,730791,Flanges,Product Component,Midstream,Midstream | Product Component,2,HS22,1,730791 | Flanges,2420,332996,332996,332996,1
Geothermal,731815,Bolts,Product Component,Midstream,Midstream | Product Component,2,HS22,1,731815 | Bolts,2594,332722,332722,332722,1
Geothermal,732620,Mud Hose; Steel Wire,Processed Material,Midstream,Midstream | Processed Material,2,HS22,1,732620 | Mud Hose; Steel Wire,2599,332999,332618,332618,1
Geothermal,820719,Drill Bit - Polycrystalline Diamond Compact (PDC),Product Component,Downstream,Downstream | Product Component,3,HS22,1,820719 | Drill Bit - Polycrystalline Diamond Compact (PDC),2573,333514,333131,333131,1
Geothermal,820750,Drill Bit - Tungsten Carbide Inserts (TCI),Product Component,Downstream,Downstream | Product Component,3,HS22,1,820750 | Drill Bit - Tungsten Carbide Inserts (TCI),2573,333514,333515,333515,1
Geothermal,840420,Water Cooled Direct Contact Condenser,Product Component,Downstream,Downstream | Product Component,3,HS22,1,840420 | Water Cooled Direct Contact Condenser,2530,332410,332410,332410,1
Geothermal,840681,Steam Turbine >40MW,Final Product,Final Product,Final Product | Final Product,4,HS22,1,840681 | Steam Turbine >40MW,2811,333611,333611,333611,1
Geothermal,840682,Steam Turbine <40MW,Final Product,Final Product,Final Product | Final Product,4,HS22,1,840682 | Steam Turbine <40MW,2811,333611,333611,333611,1
Geothermal,840690,Parts of Steam Turbines,Product Component,Downstream,Downstream | Product Component,3,HS22,1,840690 | Parts of Steam Turbines,2811,333611,333611,333611,1
Geothermal,841391,Low Pressure Impellers,Product Component,Midstream,Midstream | Product Component,2,HS22,1,841391 | Low Pressure Impellers,2813,333912,336310,336310;333914;333996,3
Geothermal,841710,Furnace for Steel Pipe Making,Product Component,Midstream,Midstream | Product Component,2,HS22,0.3333333333333333,841710 | Furnace for Steel Pipe Making,2821,333994,333994,333994,1
Geothermal,841710,Drill Pipe Manufacture; Furnace Heating,Process Equipment,Downstream,Downstream | Process Equipment,3,HS22,0.3333333333333333,841710 | Drill Pipe Manufacture; Furnace Heating,2821,333994,333994,333994,1
Geothermal,841710,Kellys; Furnace Heating,Process Equipment,Midstream,Midstream | Process Equipment,2,HS22,0.3333333333333333,841710 | Kellys; Furnace Heating,2821,333994,333994,333994,1
Geothermal,841950,Heat Exchanger,Final Product,Final Product,Final Product | Final Product,4,HS22,0.5,841950 | Heat Exchanger,2825,333415,332410,332410,1
Geothermal,841950,Industrial Heat Exchangers,Final Product,Final Product,Final Product | Final Product,4,HS22,0.5,841950 | Industrial Heat Exchangers,2825,333415,332410,332410,1
Geothermal,841989,Drill Pipes; Quenching,Process Equipment,Midstream,Midstream | Process Equipment,2,HS12,0.5,841989 | Drill Pipes; Quenching,2829,333310,333998,333998;333241;333243;333248;333310,5
Geothermal,841989,Kellys; Quenching,Process Equipment,Midstream,Midstream | Process Equipment,2,HS12,0.5,841989 | Kellys; Quenching,2829,333310,333998,333998;333241;333243;333248;333310,5
Geothermal,842139,Particle Removers,Product Component,Downstream,Downstream | Product Component,3,HS22,0.5,842139 | Particle Removers,2825,333415,333413,333413;333998,2
Geothermal,842139,Mist Separators,Product Component,Downstream,Downstream | Product Component,3,HS22,0.5,842139 | Mist Separators,2825,333415,333413,333413;333998,2
Geothermal,842641,Derricks,Process Equipment,Downstream,Downstream | Process Equipment,3,HS22,1,842641 | Derricks,2822,333120,333120,333120;333924,2
Geothermal,843041,Well Drilling,Final Product,Final Product,Final Product | Final Product,4,HS22,1,843041 | Well Drilling,2892,333120,333131,333131,1
Geothermal,843049,Well Drilling,Final Product,Final Product,Final Product | Final Product,4,HS22,1,843049 | Well Drilling,2892,333120,333120,333120;333132;333131;336611,4
Geothermal,843143,Kellys,Product Component,Downstream,Downstream | Product Component,3,HS22,1,843143 | Kellys,2892,333120,333132,333132;333120,2
Geothermal,845430,Metal Casting Machines,Process Equipment,Downstream,Downstream | Process Equipment,3,HS22,1,845430 | Metal Casting Machines,2891,333519,333248,333248;333517,2
Geothermal,845510,Rolling machine; Steam Turbine Components,Process Equipment,Downstream,Downstream | Process Equipment,3,HS22,1,845510 | Rolling machine; Steam Turbine Components,2891,333519,333519,333519,1
Geothermal,845521,Drill Pipe Manufacture; Hot Rolling,Process Equipment,Downstream,Downstream | Process Equipment,3,HS22,0.5,845521 | Drill Pipe Manufacture; Hot Rolling,2891,333519,333519,333519,1
Geothermal,845521,Kellys; Hot Rolling,Process Equipment,Midstream,Midstream | Process Equipment,2,HS22,0.5,845521 | Kellys; Hot Rolling,2891,333519,333519,333519,1
Geothermal,845610,Derrick Manufacture; Table Laser Cutting,Process Equipment,Downstream,Downstream | Process Equipment,3,HS12,1,845610 | Derrick Manufacture; Table Laser Cutting,NA,NA,NA,NA,NA
Geothermal,845640,Derrick Manufacture; CNC Plasma Cutting,Process Equipment,Downstream,Downstream | Process Equipment,3,HS22,1,845640 | Derrick Manufacture; CNC Plasma Cutting,2841,333517,333248,333248;333517,2
Geothermal,845710,Steam Turbine Components Production; CNC Machining,Process Equipment,Downstream,Downstream | Process Equipment,3,HS22,0.5,845710 | Steam Turbine Components Production; CNC Machining,2841,333517,333517,333517;930000,2
Geothermal,845710,Drill Pipes; CNC Machining,Process Equipment,Midstream,Midstream | Process Equipment,2,HS22,0.5,845710 | Drill Pipes; CNC Machining,2841,333517,333517,333517;930000,2
Geothermal,845891,Drill Pipes; CNC Turning,Process Equipment,Midstream,Midstream | Process Equipment,2,HS22,1,845891 | Drill Pipes; CNC Turning,2841,333517,333517,333517;930000,2
Geothermal,845921,Drill Pipes; CNC Drilling,Process Equipment,Midstream,Midstream | Process Equipment,2,HS22,1,845921 | Drill Pipes; CNC Drilling,2849,333248,333517,333517;930000,2
Geothermal,845931,Diamond - Drill Bits; CNC mills,Process Equipment,Downstream,Downstream | Process Equipment,3,HS22,1,845931 | Diamond - Drill Bits; CNC mills,2841,333517,333517,333517;930000,2
Geothermal,845961,Steam Turbine Components Production; Milling,Process Equipment,Downstream,Downstream | Process Equipment,3,HS22,0.5,845961 | Steam Turbine Components Production; Milling,2841,333517,333517,333517;930000,2
Geothermal,845961,Drill Pipes; CNC Milling,Process Equipment,Midstream,Midstream | Process Equipment,2,HS22,0.5,845961 | Drill Pipes; CNC Milling,2841,333517,333517,333517;930000,2
Geothermal,846021,Steam Turbine Components Production; Grinding,Process Equipment,Downstream,Downstream | Process Equipment,3,HS12,0.5,846021 | Steam Turbine Components Production; Grinding,NA,NA,NA,NA,NA
Geothermal,846021,Drill Pipes; CNC Grinding,Process Equipment,Midstream,Midstream | Process Equipment,2,HS12,0.5,846021 | Drill Pipes; CNC Grinding,NA,NA,NA,NA,NA
Geothermal,846090,Steam Turbine Components Production; Polishing,Process Equipment,Downstream,Downstream | Process Equipment,3,HS22,1,846090 | Steam Turbine Components Production; Polishing,2841,333517,333517,333517;930000,2
Geothermal,846210,Steam Turbine Components Production; Die Forging,Process Equipment,Downstream,Downstream | Process Equipment,3,HS17,1,846210 | Steam Turbine Components Production; Die Forging,NA,NA,NA,NA,NA
Geothermal,846630,Rotary Table,Product Component,Downstream,Downstream | Product Component,3,HS12,1,846630 | Rotary Table,2849,333248,333515,333515;333243,2
Geothermal,847982,Mud Mixing Hopper,Product Component,Downstream,Downstream | Product Component,3,HS22,1,847982 | Mud Mixing Hopper,2899,333242,333998,333998,1
Geothermal,848210,Bearings,Product Component,Midstream,Midstream | Product Component,2,HS22,1,848210 | Bearings,2815,332991,332991,332991,1
Geothermal,850239,Electric Generating Sets,Final Product,Final Product,Final Product | Final Product,4,HS22,1,850239 | Electric Generating Sets,2711,335312,333611,333611,1
Geothermal,851430,Steam Turbine Components Production; Furnace,Process Equipment,Downstream,Downstream | Process Equipment,3,HS17,1,851430 | Steam Turbine Components Production; Furnace,NA,NA,NA,NA,NA
Geothermal,851490,Steam Turbine Components Production; Furnace Parts,Process Equipment,Downstream,Downstream | Process Equipment,3,HS12,1,851490 | Steam Turbine Components Production; Furnace Parts,2821,333994,333310,333310;333994,2
Geothermal,851531,Steam Turbine Components; Welding Arc,Process Equipment,Downstream,Downstream | Process Equipment,3,HS22,1,851531 | Steam Turbine Components; Welding Arc,2790,333992,333992,333992,1
Geothermal,851539,Derrick Manufacture; Flux-cored Welding / Shielded Metal Arc Welding,Process Equipment,Downstream,Downstream | Process Equipment,3,HS22,1,851539 | Derrick Manufacture; Flux-cored Welding / Shielded Metal Arc Welding,2790,333992,333992,333992,1
Geothermal,851580,Steam Turbine Components; Laser Welding,Process Equipment,Downstream,Downstream | Process Equipment,3,HS12,1,851580 | Steam Turbine Components; Laser Welding,2790,333992,333912,333912;333992,2
Heat Pumps,251910,Magnesium Ore,Raw Material,Upstream,Upstream | Raw Material,1,HS22,1,251910 | Magnesium Ore,0891,212323,212323,212323,1
Heat Pumps,252921,Refrigerant,Product Component,Midstream,Midstream | Product Component,2,HS22,1,252921 | Refrigerant,NA,NA,212390,212390,1
Heat Pumps,260300,Copper Ore,Raw Material,Upstream,Upstream | Raw Material,1,HS22,1,260300 | Copper Ore,0729,212290,212230,212230,1
Heat Pumps,260400,Nickel Ore,Raw Material,Upstream,Upstream | Raw Material,1,HS22,1,260400 | Nickel Ore,0729,212290,212230,212230,1
Heat Pumps,260600,Bauxite Ore,Raw Material,Upstream,Upstream | Raw Material,1,HS22,1,260600 | Bauxite Ore,0729,212290,212290,212290,1
Heat Pumps,261390,Molybdenum Ore,Raw Material,Upstream,Upstream | Raw Material,1,HS22,1,261390 | Molybdenum Ore,0729,212290,212290,212290,1
Heat Pumps,281820,Alumina,Processed Material,Midstream,Midstream | Processed Material,2,HS22,1,281820 | Alumina,2442,331313,331313,331313,1
Heat Pumps,740110,Copper Mattes,Processed Material,Midstream,Midstream | Processed Material,2,HS07,1,740110 | Copper Mattes,NA,NA,NA,NA,NA
Heat Pumps,740313,Copper Billets Unwrought; Copper Tubing,Processed Material,Midstream,Midstream | Processed Material,2,HS22,1,740313 | Copper Billets Unwrought; Copper Tubing,2444,331420,331410,331410,1
Heat Pumps,741110,Evaporator Coil; Copper Tubing,Product Component,Midstream,Midstream | Product Component,2,HS22,1,741110 | Evaporator Coil; Copper Tubing,2444,331420,331420,331420,1
Heat Pumps,760120,Alloyed Unwrought Aluminum,Processed Material,Midstream,Midstream | Processed Material,2,HS22,1,760120 | Alloyed Unwrought Aluminum,2442,331313,331313,331313,1
Heat Pumps,760820,Evaporator Coil; Aluminum Tubing,Product Component,Midstream,Midstream | Product Component,2,HS22,1,760820 | Evaporator Coil; Aluminum Tubing,2442,331313,331318,331318,1
Heat Pumps,820720,Tube Extrusion; Dies for Drawing or Extruding Metal,Process Equipment,Midstream,Midstream | Process Equipment,2,HS22,0.5,820720 | Tube Extrusion; Dies for Drawing or Extruding Metal,2573,333514,333514,333514,1
Heat Pumps,820720,Tube Production; Dies for Tube Extrusion,Process Equipment,Midstream,Midstream | Process Equipment,2,HS22,0.5,820720 | Tube Production; Dies for Tube Extrusion,2573,333514,333514,333514,1
Heat Pumps,840290,Heat Exchanger,Product Component,Downstream,Downstream | Product Component,3,HS22,1,840290 | Heat Exchanger,2530,332410,332410,332410,1
Heat Pumps,841381,Liquid Pumps,Product Component,Downstream,Downstream | Product Component,3,HS22,1,841381 | Liquid Pumps,2813,333912,333914,333914,1
Heat Pumps,841410,Air Pumps,Product Component,Downstream,Downstream | Product Component,3,HS22,1,841410 | Air Pumps,2813,333912,333912,333912,1
Heat Pumps,841430,Reciprocating Compressors,Product Component,Downstream,Downstream | Product Component,3,HS22,1,841430 | Reciprocating Compressors,2813,333912,333415,333415;336390,2
Heat Pumps,841490,Fans,Product Component,Downstream,Downstream | Product Component,3,HS22,1,841490 | Fans,2813,333912,333912,333912;333413;333415;335210,4
Heat Pumps,841581,Air Conditioner (w Heat Pump),Final Product,Final Product,Final Product | Final Product,4,HS22,0.5,841581 | Air Conditioner (w Heat Pump),2825,333415,333415,333415,1
Heat Pumps,841581,Reversible Heat Pumps,Final Product,Final Product,Final Product | Final Product,4,HS22,0.5,841581 | Reversible Heat Pumps,2825,333415,333415,333415,1
Heat Pumps,841590,Evaporator,Product Component,Downstream,Downstream | Product Component,3,HS22,0.5,841590 | Evaporator,2825,333415,333415,333415,1
Heat Pumps,841590,Condenser Coil / Evaporator Coil,Product Component,Midstream,Midstream | Product Component,2,HS22,0.5,841590 | Condenser Coil / Evaporator Coil,2825,333415,333415,333415,1
Heat Pumps,841861,Heat Pump,Final Product,Final Product,Final Product | Final Product,4,HS22,0.5,841861 | Heat Pump,2825,333415,333415,333415,1
Heat Pumps,841861,Heat Pumps,Final Product,Final Product,Final Product | Final Product,4,HS22,0.5,841861 | Heat Pumps,2825,333415,333415,333415,1
Heat Pumps,841899,Miscellaneous Heat Pump Components,Product Component,Downstream,Downstream | Product Component,3,HS22,1,841899 | Miscellaneous Heat Pump Components,2825,333415,333415,333415;335220,2
Heat Pumps,846150,Tube Production; Tube Cutting,Process Equipment,Midstream,Midstream | Process Equipment,2,HS22,1,846150 | Tube Production; Tube Cutting,2841,333517,333517,333517;930000,2
Heat Pumps,846229,Sheet Metal Box Encasement Production; Numerically Controlled Press Bake,Process Equipment,Downstream,Downstream | Process Equipment,3,HS22,0.5,846229 | Sheet Metal Box Encasement Production; Numerically Controlled Press Bake,2841,333517,333517,333517;930000,2
Heat Pumps,846229,Condenser and Evaporator Tube Production; Numerically Controlled Tube Bending,Process Equipment,Downstream,Downstream | Process Equipment,3,HS22,0.5,846229 | Condenser and Evaporator Tube Production; Numerically Controlled Tube Bending,2841,333517,333517,333517;930000,2
Heat Pumps,846241,Sheet Metal Box Encasement Production; CNC Punch Press,Process Equipment,Downstream,Downstream | Process Equipment,3,HS17,0.5,846241 | Sheet Metal Box Encasement Production; CNC Punch Press,NA,NA,NA,NA,NA
Heat Pumps,846241,Sheet Metal Box Encasement Production; Shear Press,Process Equipment,Downstream,Downstream | Process Equipment,3,HS17,0.5,846241 | Sheet Metal Box Encasement Production; Shear Press,NA,NA,NA,NA,NA
Heat Pumps,851521,Condenser and Evaporator Tube Production; Joint Welding,Process Equipment,Downstream,Downstream | Process Equipment,3,HS12,1,851521 | Condenser and Evaporator Tube Production; Joint Welding,2790,333992,333992,333992,1
Heat Pumps,853400,Smart Controls; Electronic Printed Circuits,Product Component,Midstream,Midstream | Product Component,2,HS22,1,853400 | Smart Controls; Electronic Printed Circuits,26112612,334412,334412,334412,1
Magnets,260120,Roasted Iron Pyrite,Raw Material,Upstream,Upstream | Raw Material,1,HS22,1,260120 | Roasted Iron Pyrite,2013,325180,331110,331110,1
Magnets,260300,Copper Ore and Concentrate,Raw Material,Upstream,Upstream | Raw Material,1,HS22,1,260300 | Copper Ore and Concentrate,0729,212290,212230,212230,1
Magnets,260400,Nickel Ores and Concentrates,Raw Material,Upstream,Upstream | Raw Material,1,HS22,1,260400 | Nickel Ores and Concentrates,0729,212290,212230,212230,1
Magnets,260600,Bauxite Ore,Raw Material,Upstream,Upstream | Raw Material,1,HS22,1,260600 | Bauxite Ore,0729,212290,212290,212290,1
Magnets,261590,"Niobium, Tantalum and Vanadium Ores and Concentrates",Raw Material,Upstream,Upstream | Raw Material,1,HS22,1,"261590 | Niobium, Tantalum and Vanadium Ores and Concentrates",0729,212290,212290,212290,1
Magnets,280530,"Rare-earth Metals, Scandium and Yttrium",Processed Material,Midstream,Midstream | Processed Material,2,HS22,1,"280530 | Rare-earth Metals, Scandium and Yttrium",2013,325180,325180,325180,1
Magnets,283324,Nickel Sulfates,Processed Material,Midstream,Midstream | Processed Material,2,HS22,1,283324 | Nickel Sulfates,2013,325180,325180,325180,1
Magnets,284690,"Compounds, Mixes of Rare-earths, Yttrium, Scandium",Processed Material,Midstream,Midstream | Processed Material,2,HS22,1,"284690 | Compounds, Mixes of Rare-earths, Yttrium, Scandium",2013,325180,325180,325180,1
Magnets,680421,Griding; Diamond Griding Wheel,Process Equipment,Downstream,Downstream | Process Equipment,3,HS22,1,680421 | Griding; Diamond Griding Wheel,2391,327910,327910,327910,1
Magnets,720293,Ferro-niobium,Processed Material,Midstream,Midstream | Processed Material,2,HS22,1,720293 | Ferro-niobium,2410,331110,331110,331110,1
Magnets,760120,Aluminum Unwrought; Alloyed,Processed Material,Midstream,Midstream | Processed Material,2,HS22,1,760120 | Aluminum Unwrought; Alloyed,2442,331313,331313,331313,1
Magnets,820720,Casting; Strip Caster,Process Equipment,Downstream,Downstream | Process Equipment,3,HS22,1,820720 | Casting; Strip Caster,2573,333514,333514,333514,1
Magnets,845630,Thin Wire Electrode Cutting; Wire EDM (Electrical Discharge Machine),Process Equipment,Downstream,Downstream | Process Equipment,3,HS12,1,845630 | Thin Wire Electrode Cutting; Wire EDM (Electrical Discharge Machine),2841,333517,333517,333517,1
Magnets,847982,Compressed Air/gas grinding,Process Equipment,Downstream,Downstream | Process Equipment,3,HS22,1,847982 | Compressed Air/gas grinding,2899,333242,333998,333998,1
Magnets,847989,Pressing; Cold Isostatic Press,Process Equipment,Downstream,Downstream | Process Equipment,3,HS22,1,847989 | Pressing; Cold Isostatic Press,2899,333242,335220,335220;333120;333132;333310;333415;333995;333998;335210;335999,9
Magnets,850511,Permanent Magnets,Final Product,Final Product,Final Product | Final Product,4,HS22,0.5,850511 | Permanent Magnets,2599,332999,332999,332999,1
Magnets,850519,Permanent Magnet Components,Product Component,Downstream,Downstream | Product Component,3,HS22,0.5,850519 | Permanent Magnet Components,2344,339999,339999,339999,1
Magnets,850519,Parts of Permanent Magnets,Final Product,Final Product,Final Product | Final Product,4,HS22,0.5,850519 | Parts of Permanent Magnets,2344,339999,339999,339999,1
Magnets,850590,Pressing; Magnetic Field Press,Process Equipment,Downstream,Downstream | Process Equipment,3,HS12,1,850590 | Pressing; Magnetic Field Press,2790,333992,335999,335999,1
Magnets,851440,Induction Heating; Induction Furnace,Process Equipment,Downstream,Downstream | Process Equipment,3,HS22,1,851440 | Induction Heating; Induction Furnace,2821,333994,333994,333994,1
Magnets,854330,Decrepitation; Hydrogen Decrepitation Machine,Process Equipment,Downstream,Downstream | Process Equipment,3,HS22,0.5,854330 | Decrepitation; Hydrogen Decrepitation Machine,2849,333248,333248,333248,1
Magnets,854330,Electroplating; Electroplating Machine,Process Equipment,Downstream,Downstream | Process Equipment,3,HS22,0.5,854330 | Electroplating; Electroplating Machine,2849,333248,333248,333248,1
Nuclear,250410,Natural Graphite,Raw Material,Upstream,Upstream | Raw Material,1,HS22,1,250410 | Natural Graphite,0891,212323,327992,327992,1
Nuclear,252890,"Natural Borates, Natural Boric Acid (<85%)",Raw Material,Upstream,Upstream | Raw Material,1,HS12,1,"252890 | Natural Borates, Natural Boric Acid (<85%)",0891,212323,NA,NA,NA
Nuclear,260111,Iron Ore (Non- Agglomerated),Raw Material,Upstream,Upstream | Raw Material,1,HS22,1,260111 | Iron Ore (Non- Agglomerated),0710,212210,212210,212210,1
Nuclear,260112,Iron Ore (Agglomerated),Raw Material,Upstream,Upstream | Raw Material,1,HS22,1,260112 | Iron Ore (Agglomerated),0710,212210,212210,212210,1
Nuclear,260120,Iron (Roasted Iron Pyrites),Raw Material,Upstream,Upstream | Raw Material,1,HS22,1,260120 | Iron (Roasted Iron Pyrites),2013,325180,331110,331110,1
Nuclear,260200,Manganese Ore,Raw Material,Upstream,Upstream | Raw Material,1,HS22,1,260200 | Manganese Ore,0729,212290,212290,212290,1
Nuclear,260300,Copper Ore,Raw Material,Upstream,Upstream | Raw Material,1,HS22,1,260300 | Copper Ore,0729,212290,212230,212230,1
Nuclear,260400,Nickel Ore,Raw Material,Upstream,Upstream | Raw Material,1,HS22,1,260400 | Nickel Ore,0729,212290,212230,212230,1
Nuclear,260700,Lead Ore,Raw Material,Upstream,Upstream | Raw Material,1,HS22,1,260700 | Lead Ore,0729,212290,212230,212230,1
Nuclear,261000,Chromium Ore,Raw Material,Upstream,Upstream | Raw Material,1,HS22,1,261000 | Chromium Ore,0729,212290,212290,212290,1
Nuclear,261210,Uranium Ore,Raw Material,Upstream,Upstream | Raw Material,1,HS22,1,261210 | Uranium Ore,0721,212290,212290,212290,1
Nuclear,261390,Molybdenum Ore,Raw Material,Upstream,Upstream | Raw Material,1,HS22,1,261390 | Molybdenum Ore,0729,212290,212290,212290,1
Nuclear,261510,Zirconium Ore,Raw Material,Upstream,Upstream | Raw Material,1,HS22,1,261510 | Zirconium Ore,0729,212290,212290,212290,1
Nuclear,281000,Boric Acid,Processed Material,Upstream,Upstream | Processed Material,1,HS22,1,281000 | Boric Acid,2013,325180,325180,325180,1
Nuclear,281290,Sulfur Hexafluoride,Processed Material,Midstream,Midstream | Processed Material,2,HS22,1,281290 | Sulfur Hexafluoride,2013,325180,325180,325180,1
Nuclear,282520,Coolant; Lithium Hydroxide,Processed Material,Midstream,Midstream | Processed Material,2,HS22,1,282520 | Coolant; Lithium Hydroxide,2012,325180,325180,325180,1
Nuclear,282611,Neutron Moderator; Fluorides,Processed Material,Midstream,Midstream | Processed Material,2,HS07,1,282611 | Neutron Moderator; Fluorides,NA,NA,NA,NA,NA
Nuclear,284410,Nuclear Fuel; UF6,Processed Material,Midstream,Midstream | Processed Material,2,HS22,1,284410 | Nuclear Fuel; UF6,2446,325180,325180,325180,1
Nuclear,284420,Enriched U235 UF6,Product Component,Downstream,Downstream | Product Component,3,HS22,1,284420 | Enriched U235 UF6,2013,325180,325180,325180,1
Nuclear,284430,Depleted Uranium,Product Component,Downstream,Downstream | Product Component,3,HS22,1,284430 | Depleted Uranium,2013,325180,325180,325180,1
Nuclear,284450,Spent Nuclear Fuel Assemblies,Product Component,Downstream,Downstream | Product Component,3,HS22,1,284450 | Spent Nuclear Fuel Assemblies,3812,910000,910000,910000,1
Nuclear,284510,Heavy Water,Product Component,Downstream,Downstream | Product Component,3,HS22,1,284510 | Heavy Water,2013,325180,325180,325180,1
Nuclear,380110,Neutron Moderator; Artificial Graphite,Processed Material,Midstream,Midstream | Processed Material,2,HS22,1,380110 | Neutron Moderator; Artificial Graphite,2399,327999,327999,327999,1
Nuclear,681099,Hafnium; Control Rods,Processed Material,Midstream,Midstream | Processed Material,2,HS22,0.5,681099 | Hafnium; Control Rods,2369,327991,327991,327991,1
Nuclear,681099,Cooling Towers; Reinforced Concrete,Processed Material,Midstream,Midstream | Processed Material,2,HS22,0.5,681099 | Cooling Towers; Reinforced Concrete,2369,327991,327991,327991,1
Nuclear,720260,Steel Input; Ferro-nickel,Processed Material,Midstream,Midstream | Processed Material,2,HS22,1,720260 | Steel Input; Ferro-nickel,2410,331110,331110,331110,1
Nuclear,720270,Steel Input; Ferro-molybdenum,Processed Material,Midstream,Midstream | Processed Material,2,HS22,1,720270 | Steel Input; Ferro-molybdenum,2410,331110,331110,331110,1
Nuclear,721921,Reactor Core; Structural Steel,Product Component,Downstream,Downstream | Product Component,3,HS22,1,721921 | Reactor Core; Structural Steel,2410,331110,331110,331110,1
Nuclear,721922,Reactor Core; Structural Steel,Product Component,Downstream,Downstream | Product Component,3,HS22,1,721922 | Reactor Core; Structural Steel,2410,331110,331110,331110,1
Nuclear,722790,Control Rods; Boron Steel,Processed Material,Midstream,Midstream | Processed Material,2,HS22,1,722790 | Control Rods; Boron Steel,2410,331110,331110,331110,1
Nuclear,810990,Fuel Cladding; Zirconium,Processed Material,Midstream,Midstream | Processed Material,2,HS17,1,810990 | Fuel Cladding; Zirconium,NA,NA,NA,NA,NA
Nuclear,840110,Nuclear Reactors,Final Product,Final Product,Final Product | Final Product,4,HS22,0.5,840110 | Nuclear Reactors,2530,332410,332410,332410,1
Nuclear,840120,Enrichment; Centrifuges,Process Equipment,Downstream,Downstream | Process Equipment,3,HS22,1,840120 | Enrichment; Centrifuges,2899,333242,333998,333998,1
Nuclear,840130,Nuclear Fuel Assemblies,Product Component,Downstream,Downstream | Product Component,3,HS22,1,840130 | Nuclear Fuel Assemblies,2013,325180,332410,332410,1
Nuclear,840140,Nuclear Reactor Components,Product Component,Downstream,Downstream | Product Component,3,HS22,0.5,840140 | Nuclear Reactor Components,2530,332410,332410,332410,1
Nuclear,840140,Parts of Nuclear Reactors,Final Product,Final Product,Final Product | Final Product,4,HS22,0.5,840140 | Parts of Nuclear Reactors,2530,332410,332410,332410,1
Nuclear,840420,Condenser,Product Component,Downstream,Downstream | Product Component,3,HS22,1,840420 | Condenser,2530,332410,332410,332410,1
Nuclear,840681,Steam Turbine >40MW,Product Component,Downstream,Downstream | Product Component,3,HS22,1,840681 | Steam Turbine >40MW,2811,333611,333611,333611,1
Nuclear,840690,Parts of Steam Turbines,Product Component,Downstream,Downstream | Product Component,3,HS22,1,840690 | Parts of Steam Turbines,2811,333611,333611,333611,1
Nuclear,841780,UF6 Conversion; Industrial Furnace,Process Equipment,Midstream,Midstream | Process Equipment,2,HS22,1,841780 | UF6 Conversion; Industrial Furnace,2821,333994,333994,333994,1
Nuclear,841940,UF6 Conversion; Atmospheric Distillation Column,Process Equipment,Midstream,Midstream | Process Equipment,2,HS22,1,841940 | UF6 Conversion; Atmospheric Distillation Column,2829,333310,333241,333241;333248,2
Nuclear,841989,UF6 Conversion; Fluidized Bed Reactors,Process Equipment,Midstream,Midstream | Process Equipment,2,HS12,1,841989 | UF6 Conversion; Fluidized Bed Reactors,2829,333310,333998,333998;333241;333243;333248;333310,5
Nuclear,845430,Structural Steel; Steel Casting Machines,Process Equipment,Downstream,Downstream | Process Equipment,3,HS22,1,845430 | Structural Steel; Steel Casting Machines,2891,333519,333248,333248;333517,2
Solar,250510,Silica,Raw Material,Upstream,Upstream | Raw Material,1,HS22,1,250510 | Silica,0811,212319,212322,212322,1
Solar,251910,Magnesium Ore,Raw Material,Upstream,Upstream | Raw Material,1,HS22,1,251910 | Magnesium Ore,0891,212323,212323,212323,1
Solar,260300,Copper Ore,Raw Material,Upstream,Upstream | Raw Material,1,HS22,1,260300 | Copper Ore,0729,212290,212230,212230,1
Solar,260400,Nickel Ore,Raw Material,Upstream,Upstream | Raw Material,1,HS22,1,260400 | Nickel Ore,0729,212290,212230,212230,1
Solar,260600,Solar Miscellaneous; Materials for Aluminum Coating,Raw Material,Upstream,Upstream | Raw Material,1,HS22,0.5,260600 | Solar Miscellaneous; Materials for Aluminum Coating,0729,212290,212290,212290,1
Solar,260600,Bauxite Ore,Raw Material,Upstream,Upstream | Raw Material,1,HS22,0.5,260600 | Bauxite Ore,0729,212290,212290,212290,1
Solar,260900,Tin Ore,Raw Material,Upstream,Upstream | Raw Material,1,HS22,1,260900 | Tin Ore,0729,212290,212290,212290,1
Solar,261610,Silver Ore,Raw Material,Upstream,Upstream | Raw Material,1,HS22,1,261610 | Silver Ore,0729,212290,212220,212220,1
Solar,280450,Tellurium,Raw Material,Upstream,Upstream | Raw Material,1,HS22,1,280450 | Tellurium,2013,325180,325120,325120;331410,2
Solar,280461,Polysilicon,Processed Material,Midstream,Midstream | Processed Material,2,HS22,1,280461 | Polysilicon,2013,325180,331410,331410,1
Solar,280469,Ingot; Hydrochloric Acid,Processed Material,Midstream,Midstream | Processed Material,2,HS22,1,280469 | Ingot; Hydrochloric Acid,2013,325180,331410,331410,1
Solar,280490,Selenium,Raw Material,Upstream,Upstream | Raw Material,1,HS22,1,280490 | Selenium,2013,325180,331410,331410,1
Solar,281410,Solar Miscellaneous; Ammonia for PECVD,Processed Material,Midstream,Midstream | Processed Material,2,HS22,1,281410 | Solar Miscellaneous; Ammonia for PECVD,2015,325311,325311,325311,1
Solar,281820,Alumina,Processed Material,Midstream,Midstream | Processed Material,2,HS22,1,281820 | Alumina,2442,331313,331313,331313,1
Solar,320890,Solar Miscellaneous; Antireflective Coating,Processed Material,Midstream,Midstream | Processed Material,2,HS22,1,320890 | Solar Miscellaneous; Antireflective Coating,2030,325510,325510,325510,1
Solar,350610,Solar Miscellaneous; Silver Conductive Adhesive Paste,Processed Material,Midstream,Midstream | Processed Material,2,HS22,1,350610 | Solar Miscellaneous; Silver Conductive Adhesive Paste,2052,325520,325520,325520,1
Solar,381800,Silicon Wafers,Product Component,Midstream,Midstream | Product Component,2,HS22,1,381800 | Silicon Wafers,2059,325180,325998,325998,1
Solar,390130,Solar Glass; Ethylene Polymers for EVA Sheets,Processed Material,Midstream,Midstream | Processed Material,2,HS22,1,390130 | Solar Glass; Ethylene Polymers for EVA Sheets,2016,325211,325211,325211,1
Solar,390469,Solar Glass; Fluoro-polymers for Back Sheets,Processed Material,Midstream,Midstream | Processed Material,2,HS22,1,390469 | Solar Glass; Fluoro-polymers for Back Sheets,2016,325211,325211,325211;325212,2
Solar,390730,Epoxide Resins as Potting Agent,Processed Material,Midstream,Midstream | Processed Material,2,HS22,1,390730 | Epoxide Resins as Potting Agent,2016,325211,325211,325211,1
Solar,390761,Solar Glass; Polyethylene Terephthalate (PET) for Back Sheets,Processed Material,Midstream,Midstream | Processed Material,2,HS22,1,390761 | Solar Glass; Polyethylene Terephthalate (PET) for Back Sheets,2016,325211,325211,325211,1
Solar,392010,Solar Glass; Polymers of Ethylene for EVA Sheets,Processed Material,Midstream,Midstream | Processed Material,2,HS12,1,392010 | Solar Glass; Polymers of Ethylene for EVA Sheets,2221,326113,326113,326113,1
Solar,392030,Solar Glass; Polymers of Styrene for EVA Sheets,Processed Material,Midstream,Midstream | Processed Material,2,HS12,1,392030 | Solar Glass; Polymers of Styrene for EVA Sheets,2221,326113,326113,326113,1
Solar,392062,Solar Glass; Polyethylene Terephthalate (PET) for Back Sheets,Processed Material,Midstream,Midstream | Processed Material,2,HS12,1,392062 | Solar Glass; Polyethylene Terephthalate (PET) for Back Sheets,2221,326113,326113,326113,1
Solar,700510,Module; Glass Sheet Casing (Float),Product Component,Downstream,Downstream | Product Component,3,HS22,0.5,700510 | Module; Glass Sheet Casing (Float),2311,327211,327211,327211,1
Solar,700510,Solar Glass; Glass Sheet Casing (Float Absorbent),Processed Material,Midstream,Midstream | Processed Material,2,HS22,0.5,700510 | Solar Glass; Glass Sheet Casing (Float Absorbent),2311,327211,327211,327211,1
Solar,700529,Solar Glass; Glass Sheet Casing (Float),Processed Material,Midstream,Midstream | Processed Material,2,HS22,1,700529 | Solar Glass; Glass Sheet Casing (Float),2311,327211,327211,327211,1
Solar,700719,Module; Glass Sheet Casing (Toughened),Product Component,Downstream,Downstream | Product Component,3,HS22,0.5,700719 | Module; Glass Sheet Casing (Toughened),2312,327215,327215,327215,1
Solar,700719,Solar Glass; Glass Sheet Casing (Toughened),Processed Material,Midstream,Midstream | Processed Material,2,HS22,0.5,700719 | Solar Glass; Glass Sheet Casing (Toughened),2312,327215,327215,327215,1
Solar,710692,Cell; Silver in Semi-manufactured Forms,Processed Material,Midstream,Midstream | Processed Material,2,HS22,1,710692 | Cell; Silver in Semi-manufactured Forms,2441,331410,331491,331491,1
Solar,760120,Aluminum Unwrought; Alloyed,Product Component,Downstream,Downstream | Product Component,3,HS22,1,760120 | Aluminum Unwrought; Alloyed,2442,331313,331313,331313,1
Solar,760310,"Cell; Powders of Non-lamellar Structure, of Aluminum",Processed Material,Midstream,Midstream | Processed Material,2,HS22,1,"760310 | Cell; Powders of Non-lamellar Structure, of Aluminum",2442,331313,331314,331314,1
Solar,761090,Mounting Equipment; Structural Aluminum (Structures),Product Component,Downstream,Downstream | Product Component,3,HS22,1,761090 | Mounting Equipment; Structural Aluminum (Structures),2511,332312,332312,332312;332322;332323,3
Solar,811292,Indium,Raw Material,Upstream,Upstream | Raw Material,1,HS22,1,811292 | Indium,24453832,331410,331410,331410;910000,2
Solar,830249,Mounting Equipment,Product Component,Downstream,Downstream | Product Component,3,HS22,1,830249 | Mounting Equipment,2572,332510,332510,332510,1
Solar,841989,Polysilicon Production; Fluidized Bed Reactor,Process Equipment,Midstream,Midstream | Process Equipment,2,HS12,1,841989 | Polysilicon Production; Fluidized Bed Reactor,2829,333310,333998,333998;333241;333243;333248;333310,5
Solar,845630,Cell Production; Rear-side Deposition of Silicon Oxide or Aluminum Oxide Layer (E-gun Evaporators),Process Equipment,Downstream,Downstream | Process Equipment,3,HS12,1,845630 | Cell Production; Rear-side Deposition of Silicon Oxide or Aluminum Oxide Layer (E-gun Evaporators),2841,333517,333517,333517,1
Solar,847989,Module Production; Automated Glass Loading,Process Equipment,Downstream,Downstream | Process Equipment,3,HS22,0.25,847989 | Module Production; Automated Glass Loading,2899,333242,335220,335220;333120;333132;333310;333415;333995;333998;335210;335999,9
Solar,847989,Module Production; Laydown of First Encapsulant Sheet,Process Equipment,Downstream,Downstream | Process Equipment,3,HS22,0.25,847989 | Module Production; Laydown of First Encapsulant Sheet,2899,333242,335220,335220;333120;333132;333310;333415;333995;333998;335210;335999,9
Solar,847989,Module Production; Laydown of Second Encapsulant Sheet,Process Equipment,Downstream,Downstream | Process Equipment,3,HS22,0.25,847989 | Module Production; Laydown of Second Encapsulant Sheet,2899,333242,335220,335220;333120;333132;333310;333415;333995;333998;335210;335999,9
Solar,847989,Module Production; Laydown of Backsheet,Process Equipment,Downstream,Downstream | Process Equipment,3,HS22,0.25,847989 | Module Production; Laydown of Backsheet,2899,333242,335220,335220;333120;333132;333310;333415;333995;333998;335210;335999,9
Solar,848610,Ingot Production; Silicon Growth Furnaces,Process Equipment,Midstream,Midstream | Process Equipment,2,HS12,0.25,848610 | Ingot Production; Silicon Growth Furnaces,2899,333242,333242,333242,1
Solar,848610,Ingot Production; Band Saw Ingot Cutting,Process Equipment,Midstream,Midstream | Process Equipment,2,HS12,0.25,848610 | Ingot Production; Band Saw Ingot Cutting,2899,333242,333242,333242,1
Solar,848610,Ingot Production; Surface Grinding Edge Chamfering,Process Equipment,Midstream,Midstream | Process Equipment,2,HS12,0.25,848610 | Ingot Production; Surface Grinding Edge Chamfering,2899,333242,333242,333242,1
Solar,848610,Ingot Production; Chemical Bath,Process Equipment,Midstream,Midstream | Process Equipment,2,HS12,0.25,848610 | Ingot Production; Chemical Bath,2899,333242,333242,333242,1
Solar,848620,Module Production; Automated Cell Loading,Process Equipment,Downstream,Downstream | Process Equipment,3,HS12,0.05555555555555555,848620 | Module Production; Automated Cell Loading,2899,333242,333242,333242,1
Solar,848620,Module Production; Webbing,Process Equipment,Downstream,Downstream | Process Equipment,3,HS12,0.05555555555555555,848620 | Module Production; Webbing,2899,333242,333242,333242,1
Solar,848620,Module Production; Stringing,Process Equipment,Downstream,Downstream | Process Equipment,3,HS12,0.05555555555555555,848620 | Module Production; Stringing,2899,333242,333242,333242,1
Solar,848620,Module Production; Contactless Infrared Soldering to Front and Back Silver on Cells,Process Equipment,Downstream,Downstream | Process Equipment,3,HS12,0.05555555555555555,848620 | Module Production; Contactless Infrared Soldering to Front and Back Silver on Cells,2899,333242,333242,333242,1
Solar,848620,Module Production; Module Lamination,Process Equipment,Downstream,Downstream | Process Equipment,3,HS12,0.05555555555555555,848620 | Module Production; Module Lamination,2899,333242,333242,333242,1
Solar,848620,Module Production; Automated Module Edge Trimming,Process Equipment,Downstream,Downstream | Process Equipment,3,HS12,0.05555555555555555,848620 | Module Production; Automated Module Edge Trimming,2899,333242,333242,333242,1
Solar,848620,Module Production; I-V Module Testing,Process Equipment,Downstream,Downstream | Process Equipment,3,HS12,0.05555555555555555,848620 | Module Production; I-V Module Testing,2899,333242,333242,333242,1
Solar,848620,Module Production; Electroluminescence Inspection,Process Equipment,Downstream,Downstream | Process Equipment,3,HS12,0.05555555555555555,848620 | Module Production; Electroluminescence Inspection,2899,333242,333242,333242,1
Solar,848620,Cell Production; Test Wafer,Process Equipment,Downstream,Downstream | Process Equipment,3,HS12,0.05555555555555555,848620 | Cell Production; Test Wafer,2899,333242,333242,333242,1
Solar,848620,Cell Production; Saw Damage Removal and Surface Texturization,Process Equipment,Downstream,Downstream | Process Equipment,3,HS12,0.05555555555555555,848620 | Cell Production; Saw Damage Removal and Surface Texturization,2899,333242,333242,333242,1
Solar,848620,Cell Production; POCl3 Diffusion,Process Equipment,Downstream,Downstream | Process Equipment,3,HS12,0.05555555555555555,848620 | Cell Production; POCl3 Diffusion,2899,333242,333242,333242,1
Solar,848620,"Cell Production; PSG Removal, Near Side Planarization, and Edge Isolation by Single-side Etching",Process Equipment,Downstream,Downstream | Process Equipment,3,HS12,0.05555555555555555,"848620 | Cell Production; PSG Removal, Near Side Planarization, and Edge Isolation by Single-side Etching",2899,333242,333242,333242,1
Solar,848620,Cell Production; Rear-side Deposition of Silicon Oxide or Aluminum Oxide Layer (Furnance),Process Equipment,Downstream,Downstream | Process Equipment,3,HS12,0.05555555555555555,848620 | Cell Production; Rear-side Deposition of Silicon Oxide or Aluminum Oxide Layer (Furnance),2899,333242,333242,333242,1
Solar,848620,Cell production; PECVD (Plasma-enhanced Chemical Vapor Deposition),Process Equipment,Downstream,Downstream | Process Equipment,3,HS12,0.05555555555555555,848620 | Cell production; PECVD (Plasma-enhanced Chemical Vapor Deposition),2899,333242,333242,333242,1
Solar,848620,Cell Production; Laser Opening,Process Equipment,Downstream,Downstream | Process Equipment,3,HS12,0.05555555555555555,848620 | Cell Production; Laser Opening,2899,333242,333242,333242,1
Solar,848620,Cell Production; Screen-print,Process Equipment,Downstream,Downstream | Process Equipment,3,HS12,0.05555555555555555,848620 | Cell Production; Screen-print,2899,333242,333242,333242,1
Solar,848620,Cell Production; J-V Measurement and Cell Binning,Process Equipment,Downstream,Downstream | Process Equipment,3,HS12,0.05555555555555555,848620 | Cell Production; J-V Measurement and Cell Binning,2899,333242,333242,333242,1
Solar,848620,Wafer Production; Wire Saw Cutting,Process Equipment,Midstream,Midstream | Process Equipment,2,HS12,0.05555555555555555,848620 | Wafer Production; Wire Saw Cutting,2899,333242,333242,333242,1
Solar,848640,Wafer Production; Lifting/Handling/Loading/Unloading Solar Wafers,Process Equipment,Midstream,Midstream | Process Equipment,2,HS12,1,848640 | Wafer Production; Lifting/Handling/Loading/Unloading Solar Wafers,2899,333242,333248,333248,1
Solar,848690,Wafer Production; Other Wafer Manufacture Processes,Process Equipment,Midstream,Midstream | Process Equipment,2,HS12,1,848690 | Wafer Production; Other Wafer Manufacture Processes,2899,333242,333242,333242,1
Solar,850171,Photovoltaic DC Generators Under 50 MW,Product Component,Downstream,Downstream | Product Component,3,HS22,1,850171 | Photovoltaic DC Generators Under 50 MW,2711,335312,335312,335312,1
Solar,850172,Photovoltaic DC generators over 50 MW,Product Component,Downstream,Downstream | Product Component,3,HS22,1,850172 | Photovoltaic DC generators over 50 MW,2711,335312,335312,335312,1
Solar,850180,Photovoltaic AC Generators,Product Component,Downstream,Downstream | Product Component,3,HS22,1,850180 | Photovoltaic AC Generators,2711,335312,335312,335312,1
Solar,851432,Polysilicon Production; Electric Arc Furnace,Process Equipment,Midstream,Midstream | Process Equipment,2,HS22,1,851432 | Polysilicon Production; Electric Arc Furnace,2821,333994,333994,333994,1
Solar,851440,Ingot Production; Radio Frequency Coil Heating,Process Equipment,Midstream,Midstream | Process Equipment,2,HS22,1,851440 | Ingot Production; Radio Frequency Coil Heating,2821,333994,333994,333994,1
Solar,851519,Module Production; Automated Soldering of String Connector Leads,Process Equipment,Downstream,Downstream | Process Equipment,3,HS12,0.5,851519 | Module Production; Automated Soldering of String Connector Leads,2790,333992,333992,333992,1
Solar,851519,Module Production; Solder String Connector Leads,Process Equipment,Downstream,Downstream | Process Equipment,3,HS12,0.5,851519 | Module Production; Solder String Connector Leads,2790,333992,333992,333992,1
Solar,854129,Inverter,Product Component,Downstream,Downstream | Product Component,3,HS22,1,854129 | Inverter,2611,334413,334413,334413,1
Solar,854140,Modules  Mother Solar Code,Product Component,Downstream,Downstream | Product Component,3,HS17,1,854140 | Modules  Mother Solar Code,NA,NA,NA,NA,NA
Solar,854142,Solar Cells,Product Component,Downstream,Downstream | Product Component,3,HS22,0.5,854142 | Solar Cells,2611,334413,334413,334413,1
Solar,854142,Solar Cells (Not Assembled into Modules),Final Product,Final Product,Final Product | Final Product,4,HS22,0.5,854142 | Solar Cells (Not Assembled into Modules),2611,334413,334413,334413,1
Solar,854143,Modules (Assembled into Panels),Final Product,Final Product,Final Product | Final Product,4,HS22,0.5,854143 | Modules (Assembled into Panels),2611,334413,334413,334413,1
Solar,854143,Solar Modules,Final Product,Final Product,Final Product | Final Product,4,HS22,0.5,854143 | Solar Modules,2611,334413,334413,334413,1
Solar,854149,Solar Tracker; CDS Sensor,Product Component,Midstream,Midstream | Product Component,2,HS22,1,854149 | Solar Tracker; CDS Sensor,2611,334413,334413,334413,1
Solar,901820,Ingot Production; Infrared Inspection,Process Equipment,Midstream,Midstream | Process Equipment,2,HS22,1,901820 | Ingot Production; Infrared Inspection,2660,334510,334510,334510,1
Transmission,260111,Iron Ore (Non- Agglomerated),Raw Material,Upstream,Upstream | Raw Material,1,HS22,1,260111 | Iron Ore (Non- Agglomerated),0710,212210,212210,212210,1
Transmission,260112,Iron Ore (Agglomerated),Raw Material,Upstream,Upstream | Raw Material,1,HS22,1,260112 | Iron Ore (Agglomerated),0710,212210,212210,212210,1
Transmission,260120,Iron (Roasted Iron Pyrites),Raw Material,Upstream,Upstream | Raw Material,1,HS22,1,260120 | Iron (Roasted Iron Pyrites),2013,325180,331110,331110,1
Transmission,260300,Copper Ore,Raw Material,Upstream,Upstream | Raw Material,1,HS22,1,260300 | Copper Ore,0729,212290,212230,212230,1
Transmission,260600,Bauxite Ore,Raw Material,Upstream,Upstream | Raw Material,1,HS22,1,260600 | Bauxite Ore,0729,212290,212290,212290,1
Transmission,281290,Sulfur Hexafluoride,Processed Material,Midstream,Midstream | Processed Material,2,HS22,1,281290 | Sulfur Hexafluoride,2013,325180,325180,325180,1
Transmission,281820,Alumina,Processed Material,Midstream,Midstream | Processed Material,2,HS22,1,281820 | Alumina,2442,331313,331313,331313,1
Transmission,722611,Silicon Electric Steel,Processed Material,Midstream,Midstream | Processed Material,2,HS22,1,722611 | Silicon Electric Steel,2410,331110,331110,331110,1
Transmission,740110,Copper Mattes,Processed Material,Midstream,Midstream | Processed Material,2,HS07,1,740110 | Copper Mattes,NA,NA,NA,NA,NA
Transmission,740811,Copper Wire,Processed Material,Midstream,Midstream | Processed Material,2,HS22,1,740811 | Copper Wire,2444,331420,331420,331420,1
Transmission,760521,Aluminum wire,Processed Material,Midstream,Midstream | Processed Material,2,HS22,1,760521 | Aluminum wire,2442,331313,331318,331318,1
Transmission,841710,Intermediate Annealing Furnace,Process Equipment,Midstream,Midstream | Process Equipment,2,HS22,0.3333333333333333,841710 | Intermediate Annealing Furnace,2821,333994,333994,333994,1
Transmission,841710,Primary Recrystallization Annealing; Furnace,Process Equipment,Midstream,Midstream | Process Equipment,2,HS22,0.3333333333333333,841710 | Primary Recrystallization Annealing; Furnace,2821,333994,333994,333994,1
Transmission,841710,Secondary Recrystallization Annealing; Furnace,Process Equipment,Midstream,Midstream | Process Equipment,2,HS22,0.3333333333333333,841710 | Secondary Recrystallization Annealing; Furnace,2821,333994,333994,333994,1
Transmission,841939,Core Coil Assembly; Drying,Process Equipment,Downstream,Downstream | Process Equipment,3,HS22,1,841939 | Core Coil Assembly; Drying,2899,333242,333241,333241;333998,2
Transmission,842230,Oil Filling; Filling of Core-Coil Tank with Transformer Oil,Process Equipment,Downstream,Downstream | Process Equipment,3,HS07,1,842230 | Oil Filling; Filling of Core-Coil Tank with Transformer Oil,2829,333310,333993,333993,1
Transmission,842890,Core Production; Core Assembly/Stacking,Process Equipment,Downstream,Downstream | Process Equipment,3,HS22,1,842890 | Core Production; Core Assembly/Stacking,2822,333120,333120,333120,1
Transmission,845522,Cold Rolled Grain Oriented Silicon Steel Production; First Cold Rolling,Process Equipment,Midstream,Midstream | Process Equipment,2,HS22,0.5,845522 | Cold Rolled Grain Oriented Silicon Steel Production; First Cold Rolling,2891,333519,333519,333519,1
Transmission,845522,Cold Rolled Grain Oriented Silicon Steel Production; Secondary Cold Rolling,Process Equipment,Midstream,Midstream | Process Equipment,2,HS22,0.5,845522 | Cold Rolled Grain Oriented Silicon Steel Production; Secondary Cold Rolling,2891,333519,333519,333519,1
Transmission,845530,Cold Rolled Grain Oriented Silicon Steel Production; Casting Rolling,Process Equipment,Midstream,Midstream | Process Equipment,2,HS22,1,845530 | Cold Rolled Grain Oriented Silicon Steel Production; Casting Rolling,2891,333519,333519,333519,1
Transmission,846150,Core Production; Core Slitting,Process Equipment,Downstream,Downstream | Process Equipment,3,HS22,1,846150 | Core Production; Core Slitting,2841,333517,333517,333517;930000,2
Transmission,846241,Core Production; Core CNC/Punching Shearing,Process Equipment,Downstream,Downstream | Process Equipment,3,HS17,1,846241 | Core Production; Core CNC/Punching Shearing,NA,NA,NA,NA,NA
Transmission,846249,Core Production; Transformer Core V Notching,Process Equipment,Downstream,Downstream | Process Equipment,3,HS22,1,846249 | Core Production; Transformer Core V Notching,2841,333517,333517,333517;930000,2
Transmission,847981,Coil Production; HV Coil Winding,Process Equipment,Downstream,Downstream | Process Equipment,3,HS22,0.5,847981 | Coil Production; HV Coil Winding,2899,333242,333519,333519,1
Transmission,847981,Coil Production; LV Coil Winding,Process Equipment,Downstream,Downstream | Process Equipment,3,HS22,0.5,847981 | Coil Production; LV Coil Winding,2899,333242,333519,333519,1
Transmission,847989,Tank Fabrication; Vacuum & Pressure Test,Process Equipment,Downstream,Downstream | Process Equipment,3,HS22,1,847989 | Tank Fabrication; Vacuum & Pressure Test,2899,333242,335220,335220;333120;333132;333310;333415;333995;333998;335210;335999,9
Transmission,850431,Electrical transformers 1< kVA,Final Product,Final Product,Final Product | Final Product,4,HS22,0.5,850431 | Electrical transformers 1< kVA,2711,335312,334416,334416,1
Transmission,850431,Transformers 1 < kVA,Final Product,Final Product,Final Product | Final Product,4,HS22,0.5,850431 | Transformers 1 < kVA,2711,335312,334416,334416,1
Transmission,850432,Electrical transformers 1-16 kVA,Final Product,Final Product,Final Product | Final Product,4,HS22,0.5,850432 | Electrical transformers 1-16 kVA,2711,335312,334416,334416,1
Transmission,850432,Transformers 1 - 16 kVA,Final Product,Final Product,Final Product | Final Product,4,HS22,0.5,850432 | Transformers 1 - 16 kVA,2711,335312,334416,334416,1
Transmission,850433,Electrical transformers 16 - 500 kVA,Final Product,Final Product,Final Product | Final Product,4,HS22,0.5,850433 | Electrical transformers 16 - 500 kVA,2711,335312,335311,335311,1
Transmission,850433,Transformers 16 - 500 kVA,Final Product,Final Product,Final Product | Final Product,4,HS22,0.5,850433 | Transformers 16 - 500 kVA,2711,335312,335311,335311,1
Transmission,850434,Electrical transformers > 500 kVA,Final Product,Final Product,Final Product | Final Product,4,HS22,0.5,850434 | Electrical transformers > 500 kVA,2711,335312,335311,335311,1
Transmission,850434,Transformers > 500 kVA,Final Product,Final Product,Final Product | Final Product,4,HS22,0.5,850434 | Transformers > 500 kVA,2711,335312,335311,335311,1
Transmission,850490,Parts of Transformers,Product Component,Downstream,Downstream | Product Component,3,HS22,1,850490 | Parts of Transformers,27112790,335311,335311,335311;335312,2
Transmission,854690,Bushing: Oil Condenser Bushing,Product Component,Downstream,Downstream | Product Component,3,HS22,1,854690 | Bushing: Oil Condenser Bushing,2790,333992,335932,335932,1
Wind,260200,Manganese Ore,Raw Material,Upstream,Upstream | Raw Material,1,HS22,1,260200 | Manganese Ore,0729,212290,212290,212290,1
Wind,260300,Copper Ore,Raw Material,Upstream,Upstream | Raw Material,1,HS22,1,260300 | Copper Ore,0729,212290,212230,212230,1
Wind,260400,Nickel Ore,Raw Material,Upstream,Upstream | Raw Material,1,HS22,1,260400 | Nickel Ore,0729,212290,212230,212230,1
Wind,260600,Bauxite Ore,Raw Material,Upstream,Upstream | Raw Material,1,HS22,1,260600 | Bauxite Ore,0729,212290,212290,212290,1
Wind,260800,Zinc Ore,Raw Material,Upstream,Upstream | Raw Material,1,HS22,1,260800 | Zinc Ore,0729,212290,212230,212230,1
Wind,261000,Chromium Ore,Raw Material,Upstream,Upstream | Raw Material,1,HS22,1,261000 | Chromium Ore,0729,212290,212290,212290,1
Wind,261310,Molybdenum Ore (Roasted),Raw Material,Upstream,Upstream | Raw Material,1,HS22,1,261310 | Molybdenum Ore (Roasted),0729,212290,212290,212290,1
Wind,261390,Molybdenum Ore,Raw Material,Upstream,Upstream | Raw Material,1,HS22,1,261390 | Molybdenum Ore,0729,212290,212290,212290,1
Wind,261400,Titanium Ore,Raw Material,Upstream,Upstream | Raw Material,1,HS22,1,261400 | Titanium Ore,0729,212290,212290,212290,1
Wind,280530,Rare Earth Metals,Processed Material,Midstream,Midstream | Processed Material,2,HS22,1,280530 | Rare Earth Metals,2013,325180,325180,325180,1
Wind,281820,Alumina,Processed Material,Midstream,Midstream | Processed Material,2,HS22,1,281820 | Alumina,2442,331313,331313,331313,1
Wind,290949,Tower; Industrial Alcohols for Use in Tower,Processed Material,Midstream,Midstream | Processed Material,2,HS22,1,290949 | Tower; Industrial Alcohols for Use in Tower,2014,325199,325199,325199,1
Wind,320890,"Turbine Coating; Polymer Based Paint, Varnish in Non-aqueous Medium",Product Component,Midstream,Midstream | Product Component,2,HS22,1,"320890 | Turbine Coating; Polymer Based Paint, Varnish in Non-aqueous Medium",2030,325510,325510,325510,1
Wind,350691,Rotor; Adhesive for Use in Rotor,Processed Material,Midstream,Midstream | Processed Material,2,HS22,1,350691 | Rotor; Adhesive for Use in Rotor,2052,325520,325520,325520,1
Wind,390110,Tower; Ethylene Polymers for Use in Tower Cable Cores,Processed Material,Midstream,Midstream | Processed Material,2,HS22,1,390110 | Tower; Ethylene Polymers for Use in Tower Cable Cores,2016,325211,325211,325211,1
Wind,390210,Tower; Polypropylene for Use in Tower Cable Outer Casing,Processed Material,Midstream,Midstream | Processed Material,2,HS22,1,390210 | Tower; Polypropylene for Use in Tower Cable Outer Casing,2016,325211,325211,325211,1
Wind,390791,Rotor; Materials for Use in Rotor (Polyester),Processed Material,Midstream,Midstream | Processed Material,2,HS22,1,390791 | Rotor; Materials for Use in Rotor (Polyester),2016,325211,325211,325211,1
Wind,391721,Wind Turbine Joints Ethylene,Processed Material,Midstream,Midstream | Processed Material,2,HS22,1,391721 | Wind Turbine Joints Ethylene,2221,326113,326122,326122,1
Wind,391722,Wind Turbine Joints Propylene,Processed Material,Midstream,Midstream | Processed Material,2,HS22,1,391722 | Wind Turbine Joints Propylene,2221,326113,326122,326122,1
Wind,391723,Wind Turbine Joints Vinyl Chloride,Processed Material,Midstream,Midstream | Processed Material,2,HS22,1,391723 | Wind Turbine Joints Vinyl Chloride,2221,326113,326122,326122,1
Wind,391729,Wind Turbine Joints (Other Rigid),Processed Material,Midstream,Midstream | Processed Material,2,HS22,1,391729 | Wind Turbine Joints (Other Rigid),2221,326113,326122,326122,1
Wind,391732,Wind Turbine Joints (Flexible Plastic),Processed Material,Midstream,Midstream | Processed Material,2,HS22,1,391732 | Wind Turbine Joints (Flexible Plastic),2221,326113,326220,326220,1
Wind,392590,"Bearings; Cable Trays, Tracks, Clamps, and Supports to Protect Electrical Items",Product Component,Midstream,Midstream | Product Component,2,HS22,0.5,"392590 | Bearings; Cable Trays, Tracks, Clamps, and Supports to Protect Electrical Items",22232733,326199,326199,326199,1
Wind,392590,"Tower; Cable Trays, Tracks, Clamps, and Supports to Protect Electrical Items",Processed Material,Midstream,Midstream | Processed Material,2,HS22,0.5,"392590 | Tower; Cable Trays, Tracks, Clamps, and Supports to Protect Electrical Items",22232733,326199,326199,326199,1
Wind,392690,Tower; Plastic Articles for Cable Core in Tower,Processed Material,Midstream,Midstream | Processed Material,2,HS17,1,392690 | Tower; Plastic Articles for Cable Core in Tower,22293299,326199,326199,326199;326220;316990;339910;339940;339991;339999,7
Wind,401693,"Bearings; Vulcanised Rubber Gaskets, Washers, and Seals (Non-cellular)",Product Component,Midstream,Midstream | Product Component,2,HS22,1,"401693 | Bearings; Vulcanised Rubber Gaskets, Washers, and Seals (Non-cellular)",2219,326299,339991,339991,1
Wind,401699,Tower: Vulcanised Rubber Articles for Cable Accessory & Joints,Processed Material,Midstream,Midstream | Processed Material,2,HS22,1,401699 | Tower: Vulcanised Rubber Articles for Cable Accessory & Joints,2219,326299,326299,326299;326291,2
Wind,681511,Rotor; Materials for Use in Rotor (Carbon Fibre),Processed Material,Midstream,Midstream | Processed Material,2,HS22,1,681511 | Rotor; Materials for Use in Rotor (Carbon Fibre),2399,327999,335991,335991,1
Wind,681599,Rotor; Materials for Use in Rotor,Processed Material,Midstream,Midstream | Processed Material,2,HS22,1,681599 | Rotor; Materials for Use in Rotor,2399,327999,327999,327999,1
Wind,730110,Tower; Sheets Iron & Steel,Processed Material,Midstream,Midstream | Processed Material,2,HS22,1,730110 | Tower; Sheets Iron & Steel,2410,331110,331110,331110,1
Wind,730640,"Tower; Stainless Steel Welded Tubes, Pipes, and Hollow Profiles of Circular Cross-section",Product Component,Midstream,Midstream | Product Component,2,HS22,1,"730640 | Tower; Stainless Steel Welded Tubes, Pipes, and Hollow Profiles of Circular Cross-section",2420,332996,331210,331210,1
Wind,730791,"Tower; Iron or Non-stainless Steel Tube or Pipe Fittings, Flanges (1)",Product Component,Midstream,Midstream | Product Component,2,HS22,1,"730791 | Tower; Iron or Non-stainless Steel Tube or Pipe Fittings, Flanges (1)",2420,332996,332996,332996,1
Wind,730799,"Tower; Iron or Non-stainless Steel Tube or Pipe Fittings, Flanges (2)",Product Component,Midstream,Midstream | Product Component,2,HS22,1,"730799 | Tower; Iron or Non-stainless Steel Tube or Pipe Fittings, Flanges (2)",2420,332996,332996,332996,1
Wind,730820,Tower,Product Component,Downstream,Downstream | Product Component,3,HS22,1,730820 | Tower,2511,332312,332312,332312,1
Wind,732399,Nacelle; Small Engineering Components of Iron or Steel,Product Component,Midstream,Midstream | Product Component,2,HS22,1,732399 | Nacelle; Small Engineering Components of Iron or Steel,2599,332999,332215,332215,1
Wind,732611,Bearings; Iron or Steel Grinding Balls for Mills,Product Component,Midstream,Midstream | Product Component,2,HS22,1,732611 | Bearings; Iron or Steel Grinding Balls for Mills,2599,332999,327910,327910,1
Wind,732690,Bearings; Iron or Steel article for Main Bearing,Product Component,Midstream,Midstream | Product Component,2,HS22,1,732690 | Bearings; Iron or Steel article for Main Bearing,2599,332999,332999,332999;339910;331110,3
Wind,740110,Copper Mattes,Processed Material,Midstream,Midstream | Processed Material,2,HS07,1,740110 | Copper Mattes,NA,NA,NA,NA,NA
Wind,760110,Tower; Unwrought Aluminium for Use in Tower,Processed Material,Midstream,Midstream | Processed Material,2,HS22,1,760110 | Tower; Unwrought Aluminium for Use in Tower,2442,331313,331313,331313,1
Wind,760429,"Tower; Non-hollow Aluminium Alloys, Bars, Rods for Cable Core",Product Component,Midstream,Midstream | Product Component,2,HS22,1,"760429 | Tower; Non-hollow Aluminium Alloys, Bars, Rods for Cable Core",2442,331313,331318,331318,1
Wind,790111,Zinc (Refined) 99% Pure,Processed Material,Midstream,Midstream | Processed Material,2,HS22,1,790111 | Zinc (Refined) 99% Pure,2443,331410,331410,331410,1
Wind,820900,Rotor; Materials for Use in Rotor (Sintered Metal),Processed Material,Midstream,Midstream | Processed Material,2,HS22,1,820900 | Rotor; Materials for Use in Rotor (Sintered Metal),2573,333514,333515,333515,1
Wind,841221,Rotor; Motor (Linear Acting),Product Component,Downstream,Downstream | Product Component,3,HS22,1,841221 | Rotor; Motor (Linear Acting),2812,333995,333995,333995,1
Wind,841229,Rotor; Motor (Non Linear Acting),Product Component,Downstream,Downstream | Product Component,3,HS22,1,841229 | Rotor; Motor (Non Linear Acting),2812,333995,333996,333996,1
Wind,841290,Rotor / Blades,Product Component,Downstream,Downstream | Product Component,3,HS22,1,841290 | Rotor / Blades,2812,333995,333995,333995;333996;333618;336415,4
Wind,841989,Nacelle Production; Treatment by Temperature Change,Process Equipment,Downstream,Downstream | Process Equipment,3,HS12,1,841989 | Nacelle Production; Treatment by Temperature Change,2829,333310,333998,333998;333241;333243;333248;333310,5
Wind,842420,Tower Production; Coating,Process Equipment,Downstream,Downstream | Process Equipment,3,HS22,0.5,842420 | Tower Production; Coating,2829,333310,333912,333912,1
Wind,842420,Wind Capital Good; Spray Guns and Similar Appliances,Process Equipment,Midstream,Midstream | Process Equipment,2,HS22,0.5,842420 | Wind Capital Good; Spray Guns and Similar Appliances,2829,333310,333912,333912,1
Wind,842430,Wind Capital Good; Steam or Sand Blasting Machines,Process Equipment,Midstream,Midstream | Process Equipment,2,HS07,1,842430 | Wind Capital Good; Steam or Sand Blasting Machines,2829,333310,333310,333310,1
Wind,842691,Lifting of Components/Turbine,Process Equipment,Downstream,Downstream | Process Equipment,3,HS22,1,842691 | Lifting of Components/Turbine,2822,333120,333924,333924,1
Wind,842890,Tower Production; Assembly,Process Equipment,Downstream,Downstream | Process Equipment,3,HS22,1,842890 | Tower Production; Assembly,2822,333120,333120,333120,1
Wind,844630,Wind Capital Good; Shuttle-less Looms,Process Equipment,Midstream,Midstream | Process Equipment,2,HS22,1,844630 | Wind Capital Good; Shuttle-less Looms,2894,333248,333248,333248,1
Wind,845430,Rotor Production; Casting Machines,Process Equipment,Midstream,Midstream | Process Equipment,2,HS22,1,845430 | Rotor Production; Casting Machines,2891,333519,333248,333248;333517,2
Wind,846039,Wind Capital Good; Machine Tools Used to Finish Metal,Process Equipment,Midstream,Midstream | Process Equipment,2,HS22,1,846039 | Wind Capital Good; Machine Tools Used to Finish Metal,2841,333517,333517,333517;930000,2
Wind,846221,"Wind Capital Good; Numerically Controlled Machines that Bend, Fold, Straighten, or Flatten Metal",Process Equipment,Midstream,Midstream | Process Equipment,2,HS17,1,"846221 | Wind Capital Good; Numerically Controlled Machines that Bend, Fold, Straighten, or Flatten Metal",NA,NA,NA,NA,NA
Wind,846224,Tower Production: Plate Rolling Machine,Process Equipment,Downstream,Downstream | Process Equipment,3,HS22,1,846224 | Tower Production: Plate Rolling Machine,2841,333517,333517,333517;930000,2
Wind,847740,Blade Production; Vacuum Resin Infusion,Process Equipment,Downstream,Downstream | Process Equipment,3,HS12,1,847740 | Blade Production; Vacuum Resin Infusion,2896,333248,333248,333248,1
Wind,847989,Rotor; Mechanical Appliances with Individual Functions for Rotor Auxiliary,Product Component,Midstream,Midstream | Product Component,2,HS22,1,847989 | Rotor; Mechanical Appliances with Individual Functions for Rotor Auxiliary,2899,333242,335220,335220;333120;333132;333310;333415;333995;333998;335210;335999,9
Wind,848210,Tower; Ball Bearings,Product Component,Midstream,Midstream | Product Component,2,HS22,1,848210 | Tower; Ball Bearings,2815,332991,332991,332991,1
Wind,848220,Nacelle; Tapered Roller Bearings for Gearbox,Product Component,Midstream,Midstream | Product Component,2,HS22,1,848220 | Nacelle; Tapered Roller Bearings for Gearbox,2815,332991,332991,332991,1
Wind,848230,Nacelle; Spherical Roller Bearings for Gearbox,Product Component,Midstream,Midstream | Product Component,2,HS22,1,848230 | Nacelle; Spherical Roller Bearings for Gearbox,2815,332991,332991,332991,1
Wind,848240,Tower; Needle Roller Bearings,Product Component,Midstream,Midstream | Product Component,2,HS22,1,848240 | Tower; Needle Roller Bearings,2815,332991,332991,332991,1
Wind,848250,Nacelle; Cylindrical Roller Bearings for Gearbox,Product Component,Midstream,Midstream | Product Component,2,HS22,1,848250 | Nacelle; Cylindrical Roller Bearings for Gearbox,2815,332991,332991,332991,1
Wind,848280,Bearings; Ball or Roller Bearings,Product Component,Midstream,Midstream | Product Component,2,HS22,1,848280 | Bearings; Ball or Roller Bearings,2815,332991,332991,332991,1
Wind,848299,"Nacelle; Bearing Parts Excluding Balls, Needles and Rollers",Product Component,Midstream,Midstream | Product Component,2,HS22,1,"848299 | Nacelle; Bearing Parts Excluding Balls, Needles and Rollers",2815,332991,332991,332991,1
Wind,848310,Nacelle; Transmission Shafts,Product Component,Midstream,Midstream | Product Component,2,HS22,1,848310 | Nacelle; Transmission Shafts,2815,332991,336310,336310;333613,2
Wind,848330,Nacelle; Bearing Housing Without Ball or Roller Bearing and Plain Shaft Bearing,Product Component,Midstream,Midstream | Product Component,2,HS22,1,848330 | Nacelle; Bearing Housing Without Ball or Roller Bearing and Plain Shaft Bearing,2815,332991,332991,332991;333613,2
Wind,848340,Nacelle; Gearbox,Product Component,Downstream,Downstream | Product Component,3,HS22,1,848340 | Nacelle; Gearbox,2815,332991,333612,333612;332991;336350,3
Wind,848360,Nacelle; Clutches and Shaft Couplings,Product Component,Midstream,Midstream | Product Component,2,HS22,1,848360 | Nacelle; Clutches and Shaft Couplings,2815,332991,333613,333613,1
Wind,850161,Nacelle; Motor <75 kVA,Product Component,Downstream,Downstream | Product Component,3,HS22,1,850161 | Nacelle; Motor <75 kVA,2711,335312,335312,335312,1
Wind,850162,Nacelle; Motor 75kVA - 375kVA,Product Component,Downstream,Downstream | Product Component,3,HS22,1,850162 | Nacelle; Motor 75kVA - 375kVA,2711,335312,335312,335312,1
Wind,850163,Nacelle; Motor 375kVA -  750kVA,Product Component,Downstream,Downstream | Product Component,3,HS22,1,850163 | Nacelle; Motor 375kVA -  750kVA,2711,335312,335312,335312,1
Wind,850164,Nacelle; Motor > 750kVA,Product Component,Downstream,Downstream | Product Component,3,HS22,1,850164 | Nacelle; Motor > 750kVA,2711,335312,335312,335312,1
Wind,850231,Wind Turbines,Final Product,Final Product,Final Product | Final Product,4,HS22,0.5,850231 | Wind Turbines,2811,333611,333611,333611,1
Wind,850300,Nacelle; Motor (Miscellaneous Parts),Product Component,Downstream,Downstream | Product Component,3,HS22,1,850300 | Nacelle; Motor (Miscellaneous Parts),2711,335312,335312,335312,1
Wind,850431,"Wind Substation: Onshore Transformers, Power ≤ 1 kVA",Product Component,Midstream,Midstream | Product Component,2,HS22,1,"850431 | Wind Substation: Onshore Transformers, Power ≤ 1 kVA",2711,335312,334416,334416,1
Wind,850511,Permanent Magnets,Product Component,Downstream,Downstream | Product Component,3,HS22,1,850511 | Permanent Magnets,2599,332999,332999,332999,1
Wind,850519,Permanent Magnet Components,Product Component,Downstream,Downstream | Product Component,3,HS22,1,850519 | Permanent Magnet Components,2344,339999,339999,339999,1
Wind,851521,Wind Capital Good; Automatic Butt Welding Machinery,Process Equipment,Midstream,Midstream | Process Equipment,2,HS12,1,851521 | Wind Capital Good; Automatic Butt Welding Machinery,2790,333992,333992,333992,1
Wind,851580,Tower Production: Submerged Arc Welding,Process Equipment,Downstream,Downstream | Process Equipment,3,HS12,1,851580 | Tower Production: Submerged Arc Welding,2790,333992,333912,333912;333992,2
Wind,853650,"Wind Substation: Electrical Switches, Voltage ≤ 1000V",Product Component,Midstream,Midstream | Product Component,2,HS22,1,"853650 | Wind Substation: Electrical Switches, Voltage ≤ 1000V",2733,334417,335931,335931;335314,2
Wind,853670,Tower: Optical Fiber Connector,Product Component,Midstream,Midstream | Product Component,2,HS12,1,853670 | Tower: Optical Fiber Connector,2733,334417,334417,334417,1
Wind,854370,Nacelle; Hardware for Control System,Product Component,Midstream,Midstream | Product Component,2,HS22,1,854370 | Nacelle; Hardware for Control System,2790,333992,335999,335999;333998;334210;334510;334511;335139;339992,7
Wind,854390,Wind Substation: Parts of Electrical Goods,Product Component,Midstream,Midstream | Product Component,2,HS22,1,854390 | Wind Substation: Parts of Electrical Goods,2790,333992,335999,335999;333998,2
Wind,854411,Nacelle; Copper Wire for Use in Nacelle,Processed Material,Midstream,Midstream | Processed Material,2,HS22,1,854411 | Nacelle; Copper Wire for Use in Nacelle,2732,331420,331420,331420,1
Wind,854460,"Wind Substation: Insulated Electric Conductors, Voltage > 1000V",Product Component,Midstream,Midstream | Product Component,2,HS22,1,"854460 | Wind Substation: Insulated Electric Conductors, Voltage > 1000V",2732,331420,335999,335999;335929,2
Wind,870830,Nacelle; Brakes for Nacelle Auxiliary System,Product Component,Midstream,Midstream | Product Component,2,HS12,1,870830 | Nacelle; Brakes for Nacelle Auxiliary System,2932,336330,336340,336340,1
Wind,870840,Rotor; Gearbox,Product Component,Downstream,Downstream | Product Component,3,HS12,1,870840 | Rotor; Gearbox,2932,336330,336330,336330,1
Wind,902580,Nacelle; Thermocouples in the Control System,Product Component,Midstream,Midstream | Product Component,2,HS22,1,902580 | Nacelle; Thermocouples in the Control System,2651,334515,334519,334519,1
Wind,902680,Nacelle; Apparatus for Measuring or Checking Liquid or Gas Variables,Product Component,Midstream,Midstream | Product Component,2,HS22,1,902680 | Nacelle; Apparatus for Measuring or Checking Liquid or Gas Variables,2651,334515,334513,334513,1
Wind,902830,Nacelle; Electricity Supply or Production Meters,Product Component,Midstream,Midstream | Product Component,2,HS22,1,902830 | Nacelle; Electricity Supply or Production Meters,2651,334515,334515,334515,1
Wind,902920,"Nacelle; Speed Indicators, Tachometers, Stroboscopes",Product Component,Midstream,Midstream | Product Component,2,HS22,1,"902920 | Nacelle; Speed Indicators, Tachometers, Stroboscopes",26512670,334511,334511,334511;334514;334515,3
Wind,903190,Nacelle Production; Measuring,Process Equipment,Downstream,Downstream | Process Equipment,3,HS22,1,903190 | Nacelle Production; Measuring,2651,334515,333310,333310,1
